note_id,cluster
155216,5
77465,5
133948,5
80176,5
72232,5
31864,5
26809,5
149866,5
87064,5
123006,5
119317,5
92167,5
42234,5
92105,5
89665,-1
149815,-1
91779,5
146172,5
89642,5
90928,-1
43555,5
129465,5
80892,5
80727,5
49286,-1
159059,5
18630,5
168381,5
45433,5
88707,5
64196,3
67707,5
198381,5
1380,5
83157,5
90149,-1
178381,5
188381,5
152076,5
73120,5
162716,5
125729,5
187225,5
194092,5
117267,5
177225,5
116456,5
159570,5
149755,5
197225,5
204092,5
102059,5
184092,5
154419,5
165442,5
174092,5
76327,-1
7091,5
224,5
167225,5
181894,5
64941,-1
108947,5
73099,5
122288,-1
180059,5
4893,5
171894,5
130639,5
41351,5
89329,5
191894,5
126294,5
15125,5
91000,-1
79029,5
96329,-1
200059,5
170059,5
119140,5
201894,5
3058,5
190059,5
114489,5
42752,-1
155425,5
123768,5
86241,-1
92709,5
83928,-1
125659,5
194410,5
119479,-1
117356,5
90305,5
114403,-1
72926,5
81763,-1
28944,5
109214,5
37146,-1
184410,5
34609,5
37338,-1
113712,5
12011,5
174410,5
117050,5
7409,5
55247,5
35456,5
126799,5
204410,5
75975,5
34388,5
60957,-1
143037,5
95730,5
143121,5
200027,5
143885,5
115606,5
20611,5
95004,5
14800,5
29604,5
82247,5
93459,5
72267,5
73440,5
84360,5
32488,-1
37575,5
89414,-1
180027,5
190027,5
89476,5
3026,5
77061,5
119678,5
156709,5
170027,5
135906,5
65076,-1
34230,-1
139314,5
203716,5
82439,-1
117270,5
61761,5
71416,-1
66149,5
62065,5
79656,5
125401,5
162531,5
75718,5
166023,5
82158,5
79675,5
62793,5
74321,5
129903,5
40451,5
159777,5
132578,5
73874,5
183716,5
53862,5
88766,5
162673,5
101296,5
101293,-1
126651,5
125818,5
149806,5
36401,5
158562,-1
41959,5
124943,-1
163624,-1
83662,-1
121355,5
149865,5
88214,5
44318,5
6715,5
173716,5
90884,-1
76615,5
157025,-1
93811,5
193716,5
156017,5
75506,5
67018,5
93114,5
104194,5
79298,-1
73178,5
142862,5
160777,5
164800,5
92128,-1
156882,5
35944,5
184172,5
39827,5
29505,-1
79609,5
117253,5
108485,5
81451,5
102244,-1
204172,5
74184,-1
134767,-1
142627,5
89973,5
106543,5
87135,5
142524,5
170932,5
111307,5
83035,-1
39084,5
150672,5
34653,5
36248,5
89571,5
200932,5
180932,5
150268,5
47411,5
165822,5
78498,5
190932,5
73474,-1
162282,5
28980,5
161441,5
13595,5
37293,-1
90815,5
66150,5
151002,5
112048,-1
29616,-1
13793,-1
3931,5
194172,5
7171,5
174172,5
156697,5
159413,-1
130469,5
204877,5
15698,5
193500,5
61602,5
84012,5
11179,-1
188835,5
15466,5
126796,5
168835,5
108275,5
52336,5
142864,-1
6499,5
188717,5
98864,5
114824,5
201600,5
183500,5
1716,5
168717,5
203500,5
62079,5
174877,5
41761,5
7876,5
182286,5
90099,-1
37852,5
4599,5
20036,-1
194877,5
72169,5
51700,5
158511,5
38153,5
66605,5
155170,5
171600,5
37446,5
21720,5
112378,5
127739,5
186925,-1
140945,5
9924,-1
181600,5
184877,5
131526,5
141178,-1
172286,5
155210,5
120752,5
206925,-1
149994,-1
113443,5
149984,5
156406,5
42345,5
192286,5
39944,5
82909,5
5285,5
40930,-1
155986,-1
111456,5
119353,5
196925,-1
109718,5
45651,5
151093,5
53281,5
131579,5
38419,5
173500,5
154080,-1
1834,5
88909,-1
117251,5
178835,5
43921,-1
85247,5
191600,5
103463,5
198835,5
178717,5
65169,5
202286,5
198717,5
176925,-1
148855,5
132600,5
174734,5
93812,-1
104009,5
158145,5
63267,5
126365,5
157552,5
7733,5
159615,5
128235,5
99358,5
82643,5
92196,5
149796,5
40615,5
126486,5
204734,5
157335,-1
158204,-1
27690,5
99134,5
20798,5
195516,5
138478,5
205516,5
14610,5
117529,5
105709,-1
8515,5
142084,5
67342,5
61276,5
92606,5
140605,5
17487,5
175516,5
31394,5
12642,-1
118130,5
185516,5
91449,5
136683,5
113722,5
143430,5
93507,5
156924,5
92476,-1
78494,5
18495,5
10323,5
107822,5
76893,5
164929,5
160847,5
124708,-1
194734,5
98366,5
184734,5
34805,5
132574,5
197563,5
151055,5
83456,5
39450,5
170094,5
151432,-1
148882,5
42000,-1
32943,5
34109,-1
176250,5
67358,5
64927,-1
117150,5
181715,5
4714,5
73180,-1
167563,5
191715,5
25338,-1
46401,5
155324,-1
39915,5
160286,-1
76191,5
88545,5
113028,5
187563,5
68159,5
139923,5
98367,5
119414,5
128016,-1
562,5
149771,5
37373,-1
78655,-1
93846,5
42211,5
190094,5
86050,5
101021,5
206250,5
177563,5
88647,-1
27550,5
150792,5
141118,-1
43124,5
88667,5
158080,-1
118096,5
153666,5
74671,5
196250,5
152218,5
161045,5
186250,5
114823,5
180094,5
81485,5
144338,5
45179,-1
45045,-1
120254,5
13322,5
47619,5
201715,5
157334,5
152807,5
131456,5
117554,5
52996,5
17966,5
43829,5
152423,5
142557,-1
14785,1
171715,5
53014,5
3093,5
98849,-1
65238,5
9249,5
200094,5
62145,5
36040,5
59299,-1
189022,5
196797,-1
116445,-1
143891,5
204965,5
36606,-1
35626,5
79567,5
181225,5
140278,5
187620,5
80505,5
20422,-1
163736,-1
159217,5
138691,5
9796,-1
33508,5
139602,5
51190,5
163449,5
62797,5
114921,5
52859,-1
170294,5
187959,5
186797,-1
143089,5
19603,5
199022,5
115973,5
167432,5
619,5
79835,5
197959,5
79796,5
158931,5
81831,5
87882,-1
17913,-1
141218,5
59541,5
140845,5
18690,-1
958,5
184965,5
95792,-1
200294,5
90832,5
48287,5
163131,-1
90656,5
187432,5
143360,5
167620,5
80735,5
164826,5
201225,5
111739,5
86024,5
43498,-1
3293,5
151668,5
119812,5
177620,5
135401,5
23027,5
161410,-1
152721,-1
160738,5
34689,-1
177959,5
38162,5
118112,5
154812,-1
100789,-1
46627,5
174965,5
197620,5
97601,5
119161,5
102858,5
180294,5
165267,5
111954,5
4224,5
431,5
45876,5
7964,5
86481,5
206797,-1
67642,0
194965,5
25169,5
45763,5
171225,5
197432,5
10882,-1
83998,-1
159863,-1
103885,5
43337,5
13880,-1
190294,5
169022,5
122687,5
89553,-1
95018,5
2021,5
150868,5
176797,-1
153907,-1
34645,-1
161032,5
86331,-1
10546,5
57527,-1
191225,5
137410,5
123028,5
167959,5
124748,5
179022,5
154005,-1
64267,5
91162,5
177432,5
156396,5
19544,5
22867,5
156852,5
62321,5
15219,5
114665,5
170184,5
43278,5
87906,-1
43365,-1
72046,-1
92201,5
62327,5
92484,-1
199568,-1
10543,5
187945,5
124107,5
16873,-1
194220,-1
70847,5
19532,5
114479,-1
34828,5
107301,5
131503,5
126160,5
45699,-1
38660,5
145794,5
179568,-1
41751,5
51992,-1
184220,-1
197945,5
171130,-1
89082,-1
39140,5
163945,5
191130,-1
85278,5
18024,5
4129,-1
114873,5
66906,5
23129,5
32155,5
114423,5
107589,5
108685,-1
204220,-1
43479,5
31686,-1
102141,5
36074,5
153755,5
90188,5
103323,5
31912,-1
70233,5
143254,5
38360,5
45291,5
7219,-1
181130,-1
78904,5
189568,-1
190184,5
119386,5
86242,5
39504,5
32491,-1
27270,-1
92101,5
127103,1
140399,5
160375,5
91854,5
140682,5
128847,5
36951,-1
161597,5
177945,5
63565,5
104210,5
161942,5
148091,-1
65164,5
200184,5
94690,5
17852,-1
121701,-1
162164,5
136715,5
128138,5
3183,5
167945,5
128188,5
150067,5
77045,5
56583,5
149768,5
32768,-1
120146,5
169568,-1
174220,-1
68165,5
96358,5
150645,5
39618,5
127785,5
37464,5
2567,-1
149471,-1
90707,5
131673,5
94081,5
115785,-1
944,5
140877,-1
106765,5
180184,5
63197,5
93699,-1
74255,-1
46126,5
85962,5
134364,5
134387,-1
25206,5
40542,5
17919,5
63246,5
90906,-1
115966,-1
201130,-1
92186,5
126850,5
45947,5
16350,5
89932,5
142573,5
31156,-1
133894,-1
11623,5
155649,5
8894,-1
88485,5
178886,5
169554,5
71466,5
198886,5
88108,5
119629,5
87833,5
168886,5
169331,-1
133899,5
113709,-1
205895,-1
101188,5
24333,5
12514,5
78733,5
54637,-1
57365,5
88751,-1
119672,5
155947,5
137005,5
101730,5
142370,5
113675,5
40183,-1
79542,5
11640,2
17113,-1
136790,6
186483,5
78229,5
30336,-1
70065,5
119357,5
86184,5
113560,-1
71828,-1
88586,5
196483,5
76750,5
2553,5
141506,-1
68365,5
18451,5
92448,5
141481,5
75673,-1
163695,5
166356,5
115798,5
158300,5
161861,5
14817,5
49394,-1
122274,5
106464,5
175895,-1
87588,5
151884,-1
189331,-1
129475,5
158429,5
81498,5
91213,-1
74578,5
9482,5
13822,5
163129,5
106964,5
65417,-1
176483,5
46004,5
45900,5
126610,5
115583,5
118427,5
83631,5
49213,-1
46223,5
151646,5
73548,-1
27427,-1
39036,5
64357,-1
157884,5
93942,5
104760,5
128450,5
149353,-1
17714,-1
96619,5
127389,-1
37520,5
87460,5
34867,5
1885,5
127234,-1
46608,5
76190,5
17699,5
148466,-1
46421,5
189554,5
158238,5
81858,5
95992,-1
195895,-1
62069,5
179331,-1
161278,5
199331,-1
206483,5
179554,5
108131,5
153059,5
66215,5
80344,5
143765,5
23259,5
44737,5
108278,5
78039,5
76656,5
166600,-1
134933,5
91582,-1
2330,-1
58146,3
75191,5
86656,5
38389,5
114696,5
61541,5
66536,5
39223,-1
153997,5
76298,5
88525,-1
80537,5
36383,5
95972,5
103747,5
50925,-1
91709,5
70415,-1
199554,5
15353,-1
103628,5
188886,5
145038,5
38086,5
185895,-1
89232,5
89235,5
72666,5
74920,5
62200,5
152407,5
87669,5
107680,5
15403,-1
111592,5
38041,5
78107,5
17803,5
165055,5
197559,5
197742,5
164681,-1
77604,5
205472,5
186134,5
95005,5
77560,5
135990,5
197682,5
17905,5
197463,5
120684,4
185472,5
3966,5
202318,5
160732,5
85571,5
101662,5
88801,-1
97540,5
154343,5
43904,5
153949,-1
44308,-1
204217,5
2332,5
102758,5
26868,-1
153533,5
179333,5
23322,5
4552,-1
201553,-1
103299,-1
204324,-1
161475,5
83807,5
103883,5
151622,5
46387,5
202319,5
101425,5
185385,5
155408,-1
88003,5
176134,5
159072,5
40377,5
98814,5
39503,5
39471,5
157724,5
99753,5
86933,-1
41440,5
157289,5
3457,-1
157100,5
177463,5
177559,5
97873,5
177682,5
39032,5
177742,5
175472,5
3752,-1
175385,5
3793,5
38860,5
24338,-1
155409,5
180458,-1
37624,5
200967,5
89511,5
144554,-1
199333,5
52134,5
52182,5
143656,5
19819,5
163787,-1
95550,5
79655,5
184217,5
184324,-1
141914,5
79022,-1
35769,5
7216,5
78841,5
35637,5
7323,-1
28414,5
78486,5
140112,-1
55273,5
205385,5
55418,-1
107501,5
36437,5
5318,5
180753,-1
200794,5
180794,5
200753,-1
180967,5
47359,5
150000,5
149999,5
82811,5
174324,-1
149992,-1
5317,5
174217,5
145652,-1
149489,5
181553,-1
200458,-1
82069,5
148176,-1
89926,-1
49515,5
182318,5
182319,5
146864,5
89969,5
58197,-1
141228,5
191553,-1
114663,5
126711,-1
31716,5
93713,-1
59053,5
126614,5
71025,-1
171553,-1
13774,5
128162,5
131307,5
64097,-1
165763,5
73665,5
195385,5
91221,-1
194324,-1
67019,-1
15625,5
190753,-1
126251,5
64032,5
65162,-1
167742,5
61863,5
167682,5
126246,5
195472,5
190794,5
67149,5
8384,5
187559,5
65152,5
187463,5
119048,5
190458,-1
117169,5
12695,5
170794,5
71532,5
8471,5
114157,5
75537,5
12774,5
170753,-1
91471,-1
166392,5
71603,5
67468,5
93349,5
127461,5
67408,5
194217,5
462,5
132520,5
558,5
133897,-1
192318,5
192319,5
65901,5
169333,5
122264,5
70548,5
74945,-1
187682,5
34812,5
93565,5
63185,-1
167559,5
121482,5
117943,-1
189333,5
76007,-1
115802,5
170458,-1
206134,5
121305,-1
72387,5
165907,5
92957,5
187742,5
130611,5
172318,5
172319,5
62719,5
121045,-1
58230,5
62241,5
70207,5
125639,5
741,5
92903,5
681,5
63178,5
190967,5
170967,5
116094,5
66815,5
196134,5
167463,5
125075,5
9133,5
33004,5
13504,-1
133036,5
129127,5
37700,5
89182,-1
179510,5
44969,5
54198,-1
161862,-1
164117,-1
113700,5
179993,5
54581,-1
152603,-1
38060,5
16335,5
104095,5
83590,-1
72373,1
164118,5
37977,5
151545,5
4698,5
65809,5
201699,5
35788,5
179515,5
142207,5
66062,-1
92199,5
201240,5
72514,5
53978,5
152876,5
161360,-1
171240,5
13861,5
113899,5
179978,5
171161,5
142097,5
126729,5
97191,-1
46090,5
201161,5
417,5
141208,5
89364,5
65643,-1
83733,-1
126797,5
34914,5
32579,5
96766,5
143971,5
162873,5
189510,5
115029,5
33604,5
171699,5
189515,5
183546,5
91637,5
183580,-1
105484,5
105946,-1
5581,5
181699,5
63798,5
21509,5
6545,5
21705,-1
49337,-1
36291,5
167418,5
14920,-1
188991,5
62292,-1
36548,5
163228,5
199515,5
199510,5
182582,5
20704,-1
106803,5
89994,5
49997,-1
96096,5
81468,-1
20140,5
94233,-1
20905,-1
199978,5
199993,5
82462,5
6579,-1
161957,5
127651,5
89625,5
92016,5
116842,5
44683,5
92032,5
116912,5
127691,5
142682,5
28178,5
173580,-1
73243,5
46689,5
64833,-1
73185,-1
83437,5
10017,5
114081,-1
198991,5
189993,5
189978,5
61830,5
33735,-1
149752,5
82573,5
181240,5
143241,5
64082,-1
80024,5
173546,5
181161,5
37292,5
128137,-1
52774,5
195328,5
149993,5
29758,-1
1990,5
142966,5
19573,-1
125569,-1
152813,5
205328,5
16782,5
100618,5
56397,-1
191161,5
156447,5
156454,5
122993,5
39073,5
156565,5
11129,5
123301,5
138072,5
177418,5
86596,5
86758,5
192582,5
90953,5
12460,-1
68094,5
85647,5
202582,5
123954,6
175328,5
67627,-1
42885,-1
2509,5
123720,5
2514,5
187418,5
134283,5
164778,-1
169510,5
169515,5
42602,5
38961,5
119375,5
68088,-1
24577,-1
88554,5
25117,5
58924,5
8327,5
2992,5
98945,5
98246,5
87646,5
193546,5
197418,5
39722,5
11719,5
203546,5
39780,-1
68826,-1
2977,5
112459,5
203580,-1
58159,-1
69835,-1
120661,5
77021,5
99011,5
193580,-1
40708,5
112564,5
41425,5
157338,-1
172582,5
157511,5
122342,5
41131,5
57114,5
169978,5
159772,5
169993,5
121847,5
40907,5
157962,-1
121703,5
67453,-1
123092,5
15298,5
84729,5
191699,5
67104,5
125334,-1
191240,5
185328,5
91303,-1
43592,5
23987,-1
43734,5
43744,5
140606,5
78438,5
168991,5
66949,-1
4160,5
140216,5
113536,5
43949,5
44193,-1
23815,-1
154244,5
78597,-1
178991,5
4239,5
38641,5
124817,5
60109,-1
34264,5
161118,5
139546,5
35423,5
31677,5
60126,5
23618,5
148439,5
189584,5
4271,-1
152796,5
81041,-1
20516,5
158805,5
160984,5
199584,5
125830,5
26026,5
40884,5
147946,5
87302,5
44331,-1
87333,5
168483,5
122210,5
5635,5
36901,5
82382,5
21599,-1
125594,5
48296,5
5540,5
157348,-1
157487,5
115409,5
148878,5
107294,5
44911,5
66013,5
15244,5
148656,5
102313,5
30636,5
87124,5
145685,5
157987,-1
145770,-1
84787,5
179584,5
49850,-1
191272,-1
182636,5
30820,5
115804,5
146184,5
182444,5
153509,5
200152,5
106722,5
106747,5
102699,5
182541,5
90008,5
125466,5
146678,5
153535,5
170152,5
20945,5
203777,5
152931,-1
30536,5
163098,5
39866,5
147713,5
168531,-1
81097,5
3151,5
98602,-1
102519,-1
30880,-1
195647,5
49459,-1
204228,-1
149424,5
121541,5
66486,5
103216,5
151666,5
192636,5
93803,5
83434,-1
37612,5
96697,-1
46515,5
71283,5
96691,5
93214,5
64852,5
178531,-1
46681,5
32879,5
92169,5
104607,5
10155,5
104684,5
180152,5
190152,5
92191,5
45928,5
202636,5
96595,5
127170,-1
202541,5
42796,-1
24085,5
171272,-1
151656,5
43293,5
126841,5
194228,-1
31549,5
96815,5
43171,5
10818,5
46133,5
202444,5
93299,5
117280,-1
160467,5
160450,5
178483,5
117138,5
161978,5
37630,-1
127151,-1
104268,5
119429,5
127931,5
82927,5
68616,5
162439,-1
192541,5
157062,5
175647,5
152253,-1
88396,5
181272,-1
21760,5
152324,5
193777,5
155029,5
174228,-1
157301,5
159933,-1
128358,5
117638,5
160890,5
118504,5
5443,5
39355,-1
93078,5
64143,5
42407,-1
88452,-1
169584,5
201272,-1
92211,5
68281,5
82834,-1
2583,5
156449,5
43876,5
39068,5
29759,-1
26740,5
116646,5
11086,5
64230,-1
47618,5
192444,5
39157,5
149852,5
124731,5
23765,-1
39939,5
144101,5
107963,-1
58477,5
76155,5
139909,5
134680,5
94851,5
1482,5
76164,6
60890,5
36262,5
51863,5
184228,-1
139656,5
139513,-1
111710,5
80508,5
144124,5
107941,5
94658,5
164510,-1
53573,-1
135556,5
113545,5
172636,5
60675,-1
112524,5
79317,5
60662,5
60641,-1
91664,5
59872,5
80412,-1
139363,5
141476,5
16713,5
137895,5
188483,5
33927,-1
77973,5
59270,-1
16792,-1
143562,5
172444,5
111249,5
163861,5
183777,5
188531,-1
131212,5
131036,5
114575,-1
95633,5
78003,-1
1530,-1
172541,5
166680,5
6776,5
108220,5
131870,5
79766,5
142631,5
91509,5
185647,5
134900,-1
134049,5
144569,5
90321,5
77014,5
173777,5
198531,-1
165965,5
164287,5
94942,5
141195,5
20337,-1
198483,5
54776,5
7227,-1
164176,5
141262,5
76006,-1
130605,5
60157,-1
110130,5
34945,5
8646,5
205647,5
28308,-1
164182,5
91510,5
110037,-1
54652,5
64482,5
85815,5
103226,5
125544,5
64547,-1
109980,-1
127819,5
166313,5
47000,5
37569,5
2517,5
73206,5
55834,-1
198018,5
202433,5
66338,5
150786,-1
173000,5
164754,-1
194145,5
178018,5
73257,-1
104655,5
123845,-1
44305,-1
37436,5
34258,-1
32662,5
123059,5
128066,-1
29743,-1
7239,5
156444,5
128090,5
131440,5
149888,5
54487,-1
75227,5
149870,5
52762,5
128158,5
179518,5
37283,5
11077,6
15656,5
61540,5
201630,-1
125780,-1
168018,5
84323,-1
22142,5
47133,-1
184145,5
140858,5
42689,-1
161344,5
72513,-1
123401,5
75324,5
104947,5
125578,5
44804,5
169518,5
187391,-1
113207,5
42516,5
88557,5
85754,5
198836,5
1017,5
141324,5
66859,-1
151872,5
46097,5
178836,5
109333,5
71942,5
141973,-1
140623,5
43937,5
72998,5
16205,-1
140213,5
154331,-1
133432,5
142135,-1
191630,-1
117252,5
126891,5
7144,5
125279,-1
79129,5
93457,5
132773,5
132749,-1
92210,5
188018,5
18537,5
54019,5
168836,5
110394,5
124867,5
66519,5
161662,5
66816,-1
37960,5
38474,5
151965,5
151964,-1
79239,5
204145,5
160751,5
35460,-1
72144,5
125355,-1
34065,5
93608,-1
194240,5
71684,5
172433,5
78761,5
499,5
92467,-1
155030,-1
4629,-1
187500,5
139324,5
114180,-1
23069,-1
152156,5
31596,-1
61067,5
79614,5
184240,5
390,-1
142214,5
154711,5
23997,-1
110206,5
204240,5
44461,5
16235,-1
45468,-1
142365,5
54279,-1
124486,5
164605,5
95321,5
97596,5
113458,5
124454,5
35258,5
59075,5
1835,5
11286,5
147830,5
121909,-1
40944,5
39518,5
147747,-1
17011,5
87350,5
129173,-1
121774,5
70595,5
81617,5
167391,-1
74925,-1
130674,5
99108,-1
197500,5
74205,5
70498,5
193000,5
36266,-1
188836,5
11262,5
174145,5
86911,5
143865,5
116227,5
90966,5
148510,5
68878,5
143902,5
76669,5
94263,5
157545,5
73983,5
112684,5
189518,5
91842,-1
148129,-1
111714,5
15505,-1
108036,5
167500,5
120251,5
105832,5
115584,5
158861,-1
144956,-1
92858,5
81035,-1
158946,5
163371,5
145620,5
90091,-1
36495,-1
40093,-1
165147,5
40039,5
107308,5
74626,5
183000,5
120725,5
98374,5
145125,5
91086,5
107462,-1
107066,5
182433,5
199518,5
62186,5
34836,5
49988,5
74884,-1
40460,-1
165259,5
81408,5
144670,5
5999,5
81317,5
40410,-1
58322,-1
121121,5
158660,5
112201,-1
158729,5
163156,5
197391,-1
91870,-1
84414,5
157329,5
14486,-1
143801,-1
166593,5
61937,5
100441,5
203000,5
82569,5
68489,5
14605,5
181630,-1
128314,5
171630,-1
94777,5
105445,5
143571,5
131094,5
160125,5
157060,-1
82497,5
41726,-1
70891,5
108293,1
5432,5
75076,5
177391,-1
119742,-1
156870,5
174240,5
156769,5
48427,-1
71059,5
177500,5
56850,5
61968,5
192433,5
128613,-1
128637,5
102491,5
70420,5
42344,-1
186662,5
54812,5
125198,5
69662,5
138282,5
120321,5
102498,5
17911,5
153322,-1
71160,5
93147,5
77233,5
140968,5
84476,5
88173,5
40499,-1
56281,-1
154058,5
121465,5
44173,-1
35585,5
77729,5
160238,5
120724,5
165844,5
179008,5
24912,5
136564,5
77802,-1
168872,5
187644,5
176086,5
120631,-1
34597,-1
177630,-1
156763,5
39985,5
118131,-1
31133,-1
186866,-1
69892,5
70269,5
12397,-1
78773,5
138401,5
17850,5
134661,5
120930,-1
177644,5
194574,5
84605,5
78797,-1
34939,-1
164839,-1
158832,-1
11526,5
153690,5
1152,5
138444,-1
125301,5
84805,5
123093,5
44743,5
97903,5
31261,-1
125328,5
135660,-1
77137,-1
176333,5
201829,5
58055,5
68059,5
176083,-1
135899,5
102632,5
158458,5
120222,-1
160903,5
178035,-1
11239,5
112803,5
160435,5
155779,5
12097,5
87174,5
12674,5
186333,5
76185,5
122188,5
176866,-1
78321,5
58990,5
99970,-1
87204,5
191829,5
92456,5
39267,5
157146,5
155821,-1
160735,5
7573,5
165404,-1
192584,5
59400,5
178153,5
165686,-1
18087,5
110944,5
59427,5
110933,5
139112,5
197644,5
206866,-1
124016,5
91197,5
38856,5
111042,5
197630,-1
157347,-1
85760,-1
55807,5
172584,5
71607,5
124127,5
41308,5
198035,-1
137833,5
119249,5
159497,5
26443,5
40729,5
12574,-1
85212,5
87432,5
77366,-1
70544,5
69451,5
168895,5
186086,5
178872,5
187630,-1
102204,5
44052,5
78090,-1
34822,5
18516,5
119349,-1
1034,-1
186083,-1
178895,5
202584,5
68535,-1
40731,5
66937,5
85237,5
41688,-1
111530,5
169008,5
206662,5
138772,-1
16975,5
67982,5
157975,5
165343,5
90946,-1
28647,-1
28689,-1
165064,5
158073,5
140057,-1
198153,5
67021,5
87397,5
196866,-1
66981,-1
176662,5
66962,5
154333,5
12950,5
128043,5
9082,-1
32351,5
33113,5
81590,5
16061,5
167630,-1
109052,5
37677,5
115886,5
37673,-1
117204,5
144250,-1
81620,5
32920,-1
166712,-1
188153,5
147472,5
80584,5
127042,5
47379,5
63257,5
127099,5
163779,-1
147536,5
132332,5
132232,-1
46463,5
63191,5
91652,5
161859,-1
132514,5
116686,5
60743,-1
150588,5
83655,5
166223,5
33202,5
46216,5
51563,5
36321,5
64310,-1
128010,-1
199008,5
105027,5
46225,5
51623,-1
96123,5
174574,5
1894,5
60772,5
162274,5
27230,5
118013,-1
83435,-1
643,5
206333,5
22267,5
163737,5
21214,-1
29823,5
162135,5
196333,5
1871,5
21221,5
14711,5
117001,-1
198895,5
2007,5
81833,5
114985,5
204574,5
150689,-1
89876,5
64475,5
162239,-1
104810,-1
47009,5
108135,5
74976,5
168035,-1
106271,5
150990,5
130689,-1
198872,5
151354,5
151328,5
47377,-1
9661,5
168153,5
206086,5
142572,5
9865,-1
82157,5
63492,5
108913,5
5583,5
64760,5
206083,-1
181829,5
73995,5
89626,5
92061,5
104605,5
89519,-1
142813,5
93813,5
150259,5
36771,5
171829,5
126339,5
14594,5
52489,5
144989,5
149782,5
94120,5
166891,-1
27802,5
167644,5
149354,-1
151694,-1
141295,5
80983,5
10362,5
129848,5
29708,5
20401,-1
141375,5
162491,5
109748,5
182584,5
109744,5
188872,5
196662,5
116427,-1
9085,5
45149,5
14549,5
133096,-1
188895,5
75899,-1
54329,-1
37126,5
93583,5
130266,5
33489,-1
65805,5
61753,-1
60361,5
65943,5
28335,5
125973,5
9332,5
20334,5
152585,5
45510,-1
144784,5
189008,5
33248,5
196086,5
126409,-1
79322,-1
53785,5
22700,-1
141880,5
129749,5
90130,5
82765,5
46083,-1
75759,5
13454,-1
45982,-1
103907,3
151818,5
130404,-1
151796,5
116635,5
161793,-1
130975,5
91552,-1
106723,5
53560,5
184574,5
116623,5
4828,5
20201,5
29264,5
149867,5
149868,5
146422,5
50199,5
105646,5
92207,5
117440,5
196083,-1
629,-1
90001,5
92190,5
141558,5
188035,-1
181381,5
41395,-1
119940,5
106008,5
119697,5
48717,5
105489,5
41391,5
41935,5
68520,-1
86785,5
100111,-1
52319,-1
63948,5
68762,-1
202959,5
199202,-1
9701,5
80252,5
149238,5
149241,5
157066,-1
19827,5
48081,-1
41464,5
122568,5
130867,5
25157,5
193752,-1
128470,5
197638,5
12248,5
114904,5
11216,5
197610,5
13435,5
128851,5
186702,5
146093,5
50407,5
81165,-1
158778,-1
120440,5
115677,5
144839,5
20215,0
3019,3
144726,-1
40507,-1
15060,5
50156,5
11430,5
74316,5
80708,-1
107692,5
5958,5
135656,5
189202,-1
51193,-1
145948,5
182766,5
193346,-1
74677,3
62364,5
39973,-1
107472,5
25955,5
182959,5
135764,-1
145497,-1
98443,-1
120876,-1
62491,5
40136,-1
11511,-1
145612,5
107245,5
130512,-1
176274,5
40184,5
74895,5
49976,-1
186274,5
181948,-1
182101,-1
5765,5
122033,-1
192766,5
49209,-1
41014,5
106234,-1
144043,-1
77526,5
157742,5
49948,-1
69002,5
8266,5
68970,5
81971,5
137364,5
128914,5
87069,5
148332,5
147790,5
69271,5
112654,5
74053,5
76910,5
6345,-1
80631,5
136798,-1
203346,-1
192959,5
120206,5
183346,-1
76858,5
121716,5
200020,3
176702,5
144211,-1
40859,-1
16992,5
130690,5
106448,-1
76808,5
115965,-1
195267,5
24903,5
85267,5
154347,5
202101,-1
113482,5
65222,-1
151674,5
110523,-1
22637,-1
79437,-1
43936,6
187610,5
75746,5
59837,-1
187638,5
44037,-1
103884,5
83838,5
45948,-1
126611,5
141512,5
44183,5
190691,5
71999,-1
180020,3
43878,5
185267,5
142441,5
102022,5
104257,-1
43459,5
104228,5
13994,5
117156,-1
188134,5
124356,5
46336,5
55332,5
178515,5
46323,-1
83552,5
117238,5
4947,-1
79574,-1
13932,5
142212,-1
43737,5
198134,5
124584,5
124617,5
109135,5
83632,-1
78642,5
201289,5
125036,5
4288,5
110165,5
66342,5
44630,5
187843,5
196702,5
133141,5
187782,-1
9273,5
45157,5
54448,5
66097,5
45070,5
66100,-1
153318,5
23332,5
153265,5
10369,-1
75973,5
66205,-1
198390,5
110074,5
4380,5
133349,-1
152622,-1
126239,5
78665,5
201948,-1
191381,5
13687,5
13673,-1
126252,-1
72132,-1
201381,5
152228,5
45706,5
191289,5
126175,5
153811,-1
152325,-1
79020,-1
60009,-1
13635,-1
179202,-1
190817,0
198515,5
155001,-1
6869,-1
183752,-1
86412,5
16737,5
82771,5
197782,-1
135767,-1
149997,5
142970,5
188515,5
76419,-1
59203,5
131629,5
134386,5
17915,-1
3690,5
156147,5
177782,-1
17916,-1
200691,5
197843,5
24575,5
10972,-1
177843,5
156019,5
77957,5
12412,-1
177638,5
71639,5
143044,5
56587,5
181289,5
47796,5
12314,5
193870,-1
112991,5
80096,-1
202766,5
42104,5
80061,-1
86467,5
156599,5
143206,5
143181,5
183870,-1
14465,5
59069,5
42167,5
177610,5
196274,5
6751,-1
155991,5
123361,5
190020,3
178134,5
180691,5
119015,5
18094,5
155475,5
5100,-1
22323,5
191948,-1
151020,5
108890,5
155304,5
78152,-1
101368,-1
59499,-1
101429,5
79710,5
83335,5
151244,5
19385,5
131996,5
132117,-1
178390,5
43309,-1
101173,5
64759,5
3816,0
114547,5
113284,5
100869,-1
86162,5
150361,5
77997,2
104900,-1
180817,0
86100,5
123497,5
155830,5
104695,-1
192101,-1
188390,5
14242,5
200817,0
79787,-1
101042,5
18023,-1
22241,5
138836,5
22248,5
107463,-1
160659,-1
92242,5
95148,5
32161,-1
168515,5
781,-1
29363,5
159535,5
32054,5
166640,5
170020,3
92341,5
842,5
173870,-1
163343,-1
163372,5
88893,-1
33855,5
166467,-1
172101,-1
29393,-1
171948,-1
159619,5
93642,5
171381,5
161586,5
2201,-1
27554,5
90956,-1
89833,5
89839,5
171289,5
32303,5
168390,5
161388,5
93675,5
161356,5
94159,-1
26955,5
203752,-1
92806,5
173752,-1
166303,5
89330,5
90322,5
170817,0
165730,5
88580,5
95630,5
163922,5
1514,5
95481,-1
173346,-1
30370,5
165526,5
205267,5
165451,5
170691,5
95412,5
203870,-1
35882,-1
35874,5
34737,5
90313,-1
166256,5
206702,5
159624,5
172766,5
90715,5
30161,5
39563,5
175267,5
30182,-1
163730,5
38722,5
160534,5
28033,-1
166041,5
169202,-1
28353,-1
1389,5
36134,5
39502,5
1133,5
168134,5
159940,5
167638,5
167843,5
37296,5
35312,5
91829,5
90886,5
94059,5
167610,5
35176,-1
98355,5
27232,5
164758,5
206274,5
39908,5
92933,5
37774,5
96835,5
92860,5
37751,5
637,5
91963,5
172959,5
91848,5
161785,5
167782,-1
609,5
27153,5
166238,5
143747,5
113799,-1
10588,5
169179,5
14346,5
178208,5
155455,5
199179,5
189679,-1
132962,5
91420,4
202462,5
191835,5
124895,5
85822,5
108201,-1
178283,5
20187,-1
24258,-1
169121,-1
60291,5
32633,5
34130,5
116195,5
36118,5
133207,5
143441,5
143520,5
154441,5
133162,5
95774,5
128103,-1
143541,5
46541,5
101900,5
178148,-1
116642,5
31601,-1
71643,-1
24337,5
19793,-1
144837,5
180524,5
10733,-1
124797,5
71967,-1
178496,-1
118581,-1
101666,5
51765,5
144201,-1
188208,5
114153,5
43540,5
88799,5
85523,5
73472,-1
178556,5
160742,5
34058,5
183352,5
37619,-1
63675,-1
73875,5
75585,5
6351,5
91492,-1
66860,-1
132338,5
71991,5
188148,-1
194264,5
155173,-1
51508,5
199306,5
188283,5
32955,5
85705,5
95838,5
118722,5
51905,-1
14612,5
150423,-1
37415,5
114021,-1
191651,-1
205062,5
60819,-1
60828,5
144549,5
178461,-1
113693,-1
64764,-1
80076,5
71171,5
68250,5
141932,5
100281,5
177407,-1
128419,5
109300,-1
37478,-1
160117,5
41948,-1
71168,-1
156807,5
35915,-1
86631,5
63896,5
119446,5
59068,5
169557,5
27350,5
202802,5
39137,5
53494,-1
160179,5
68096,5
24857,-1
3523,5
85969,-1
3455,5
86903,5
79150,5
94859,5
159950,5
71012,5
192462,5
46756,-1
76752,5
141606,5
134964,-1
169679,-1
11068,5
53781,5
141683,-1
157059,-1
71104,5
46742,5
97944,5
22310,-1
156982,5
41813,5
165439,5
46831,-1
1460,-1
88473,5
198768,5
100825,5
42561,5
10873,5
160327,5
2556,5
123777,5
150704,5
108815,-1
187538,5
22197,5
36021,5
108760,-1
59664,5
205154,5
1555,5
67626,5
169306,5
86042,5
188461,-1
101020,-1
189879,-1
171651,-1
199121,-1
53026,5
156146,5
134004,5
100718,-1
119366,-1
177538,5
39108,5
59215,5
88508,5
12567,5
79603,5
184264,5
90483,5
14436,-1
1495,-1
26465,5
59328,-1
187407,-1
134282,-1
16613,-1
142562,-1
151052,5
86342,5
172462,5
128482,5
123717,5
191391,5
188496,-1
43873,-1
126609,5
117483,5
194885,5
174885,5
65596,5
89122,-1
72827,-1
204824,5
45222,-1
179679,-1
174824,5
130232,5
189121,-1
206123,-1
33304,5
149680,-1
126639,5
23051,5
117369,5
106040,-1
21320,-1
4650,-1
161453,5
115970,5
179557,5
174264,5
127608,5
44910,5
84460,5
49316,5
44920,5
162891,-1
83659,5
194824,5
406,-1
201651,-1
84437,5
162867,-1
130406,5
166941,-1
161252,5
13695,5
84411,-1
93662,-1
103123,6
81795,5
13699,5
152555,-1
115566,5
168461,-1
48115,5
64996,5
103917,-1
195154,5
115786,5
181391,5
115790,5
189306,5
96314,5
48148,5
115800,5
83855,5
171391,5
48101,-1
162635,5
48026,5
4834,5
174639,5
33165,5
2178,5
5461,5
168148,-1
115873,5
200524,5
181651,-1
62979,5
91796,5
200456,5
126823,-1
190524,5
181835,5
189179,5
22934,5
168283,5
179879,-1
115637,-1
29879,5
195062,5
96372,-1
36997,5
201391,5
115680,5
89758,5
37017,-1
190456,5
167407,-1
152223,5
168208,5
62905,5
171835,5
126198,5
13626,5
180456,5
85037,-1
167538,5
182802,5
199679,-1
66369,5
154097,5
149906,5
107092,-1
102286,-1
166540,5
50460,-1
131219,5
44350,-1
75148,5
44226,-1
166630,-1
146456,5
21905,5
128975,5
179121,-1
68492,5
61983,5
9122,-1
131445,5
204639,5
168768,5
188556,5
178768,5
199557,5
90118,-1
151880,5
145377,5
107375,-1
85226,5
80957,5
131517,5
43920,5
105045,5
114664,5
75275,5
46340,5
72149,5
161947,5
175154,5
189557,5
72179,5
2120,-1
175062,5
84883,5
5801,5
81627,5
179306,5
94225,5
89958,-1
72517,5
537,5
72522,-1
168496,-1
97242,-1
204885,5
62229,5
74829,-1
38252,5
33641,5
204264,5
65903,-1
81668,-1
81672,5
2305,5
149802,5
104048,-1
74058,5
106413,-1
161189,-1
81562,5
81561,5
168556,5
62178,5
1767,5
72375,-1
182462,5
66172,-1
188768,5
81450,5
194639,5
179179,5
196123,-1
84802,-1
153720,5
201835,5
161049,5
74937,5
106700,5
199879,-1
106695,5
20881,5
4390,5
106623,5
44590,-1
117900,5
102463,-1
150945,5
35342,5
141380,5
18534,5
1207,5
165015,5
2878,-1
90965,-1
11816,5
198208,5
185062,5
55126,5
139818,5
159138,-1
170456,5
39825,5
70954,5
121700,-1
78907,-1
140828,5
135546,5
120416,5
87913,5
172802,5
76876,5
198283,5
157960,5
185154,5
8061,5
7884,5
138122,5
176123,-1
111711,5
112528,5
88305,5
56014,-1
192802,5
173352,5
99799,-1
139687,5
1282,5
57553,-1
7823,5
158194,5
40441,5
157456,5
56538,5
1147,-1
30553,5
184885,5
110459,-1
198496,-1
79041,5
17490,5
70652,5
41337,5
88216,-1
55432,5
18913,-1
17822,5
12012,-1
92867,5
78508,5
95051,-1
139955,5
56931,5
31029,5
11851,5
30445,5
158309,5
55159,-1
138808,-1
7638,5
186123,-1
8153,5
70478,5
198556,5
164924,5
138559,5
2678,-1
198148,-1
57384,-1
87580,-1
197407,-1
88188,5
165065,5
159623,-1
68723,-1
94909,5
112131,5
54849,5
7263,5
70711,-1
93099,5
198461,-1
120110,5
69556,5
18737,-1
70370,5
17152,-1
17439,5
119896,-1
193352,5
28747,-1
184824,5
17252,-1
170524,5
40964,5
158299,5
184639,5
197538,5
110606,-1
169879,-1
54381,-1
203352,5
158730,5
124702,-1
144328,5
22951,-1
80605,5
65241,-1
92394,5
87289,5
45500,-1
60778,5
62726,5
48898,5
84194,-1
60816,-1
67002,5
40330,5
30520,5
36933,-1
106062,-1
190588,5
154893,5
112202,-1
8103,-1
48820,-1
154905,5
51812,5
68959,5
111647,5
152633,5
26223,5
75661,5
65292,5
117383,-1
92416,5
136137,5
62589,-1
168986,-1
84193,5
181892,5
157950,5
121429,5
185104,-1
124613,5
21974,5
93055,5
160649,5
40978,5
173613,5
17146,5
201341,-1
155435,5
124250,-1
191837,5
205104,-1
143648,5
49970,5
89246,5
171837,5
52212,5
83987,-1
158806,5
148890,5
75825,-1
80306,5
89241,5
7301,5
67380,5
173609,5
181837,5
124225,-1
21576,5
42919,-1
69722,5
56811,-1
82327,-1
34215,5
83931,5
87180,5
82323,5
75931,5
92729,5
70801,5
48308,5
68830,-1
157849,5
15015,5
98338,5
37947,5
140829,5
161551,5
73086,5
75770,5
122118,-1
95825,5
77614,-1
43275,5
163723,5
121364,-1
34107,5
148625,-1
90692,5
89211,5
51916,5
28719,5
35371,-1
178408,5
194302,5
152408,5
89204,5
120284,5
45671,5
33253,5
17648,5
171341,-1
1882,5
85809,-1
143815,5
183613,5
183609,5
43172,5
13984,-1
115679,-1
126962,5
10071,5
99406,5
28016,5
108129,5
32404,5
28008,-1
152296,5
201414,5
114194,-1
81839,-1
139298,5
121704,5
160915,5
91022,-1
44190,-1
186994,-1
21020,5
65967,5
175104,-1
166616,-1
147420,5
146149,-1
96061,5
81229,5
90028,5
102383,-1
84638,-1
92323,5
70555,5
162956,5
193609,5
178986,-1
153454,5
147464,5
69439,5
145786,5
38230,5
154164,5
27813,-1
13591,5
50640,5
154136,5
153339,-1
61646,5
85051,5
188883,5
147531,5
84574,5
18358,-1
81636,5
131344,-1
131289,-1
21027,5
193613,5
95126,5
81563,5
201892,5
78447,5
194657,5
92281,5
69355,-1
44426,5
4340,-1
130766,5
194646,5
10379,-1
146809,5
206091,5
23511,5
98963,5
57361,5
166823,5
89974,-1
201837,5
38369,5
74902,5
158307,5
90017,5
9090,5
121838,5
4413,5
62179,-1
39663,5
182483,5
196091,5
160957,-1
44585,5
160991,-1
61977,-1
140000,-1
20781,-1
130906,5
118045,5
118043,5
130895,5
89066,5
89930,5
62305,-1
178883,5
87706,-1
139364,5
39585,5
65616,-1
74273,5
144808,5
188408,5
137389,-1
158615,5
191414,5
81822,5
80844,5
90160,5
188986,-1
139474,5
145009,-1
168408,5
43729,3
144503,5
171892,5
126528,5
112146,5
23140,5
179644,5
35412,-1
204302,5
124823,5
18581,-1
34040,5
166241,5
15270,5
152889,-1
130290,-1
163609,5
168883,5
38128,-1
179593,5
107492,5
81793,5
65768,-1
153235,5
140279,5
145603,5
126153,5
199644,5
87444,5
20471,5
55438,-1
110492,-1
95973,5
154222,5
17374,-1
147614,5
99148,-1
203795,-1
94360,-1
87655,5
11376,5
90134,-1
13676,5
139512,-1
153088,5
95923,5
74691,5
110732,5
191341,-1
88850,5
173795,-1
160841,5
145495,5
62339,5
44952,5
35040,5
199593,5
139635,-1
103047,-1
88881,5
91549,5
113697,5
29857,5
6608,5
109067,5
162341,-1
41241,5
79566,5
184302,5
68675,5
83591,5
14708,-1
28229,5
40077,5
56157,-1
54371,-1
25887,5
149858,5
79590,5
76397,5
73367,5
86480,-1
68057,5
204657,5
32621,5
91231,5
157510,-1
142155,5
71215,-1
73411,5
164179,5
104184,5
35204,5
1985,-1
135663,5
105066,5
98357,5
3587,5
204646,5
39062,5
174302,5
176994,-1
157614,-1
14230,5
16612,5
91259,5
158999,5
198883,5
129128,5
142613,-1
120984,-1
200588,5
6794,-1
89724,5
151673,5
170588,5
123718,4
162428,5
64552,5
2592,5
63417,5
172483,5
16678,-1
42214,5
47660,5
193795,-1
24744,5
149841,5
35948,5
149837,5
95549,5
79665,5
157584,-1
123494,5
196994,-1
108961,5
76311,5
53614,5
93851,5
74088,-1
116546,5
157249,5
53986,-1
37546,5
151035,5
159174,5
41577,5
91951,5
116553,5
122731,5
83276,5
184646,5
192483,5
91163,5
138568,-1
206994,-1
180588,5
184657,5
54017,-1
73734,5
14537,5
26318,5
176091,5
70995,5
35255,-1
165341,5
128338,5
30443,5
79151,5
135447,5
16982,-1
16981,5
86884,5
141490,5
14466,5
18976,5
112635,5
79169,5
165405,5
88307,0
31216,5
40029,5
12433,-1
156886,5
150397,5
189644,5
71135,5
76570,5
150278,5
156851,5
40042,5
112955,5
14344,5
169593,5
100331,-1
189593,5
150203,5
76523,5
41349,-1
58839,5
71123,-1
56463,5
90905,-1
46993,5
169644,5
39252,5
123049,5
138601,5
116647,5
157053,5
12407,5
79316,-1
2643,5
157002,5
150429,5
1407,5
47635,-1
115876,-1
21653,5
45936,5
181414,5
198986,-1
7645,5
118952,5
42648,5
149307,-1
7656,5
94683,5
37919,5
67533,5
19681,5
186091,5
90389,-1
171414,5
70831,5
133352,5
143223,5
195104,-1
35730,-1
76059,-1
203613,5
33190,5
4836,5
142988,5
149360,5
133636,5
39831,5
117071,5
115844,5
86099,-1
9993,-1
76075,5
71518,5
5482,5
16444,-1
174657,5
74218,5
82458,5
143016,5
93792,5
203609,5
142961,5
52742,5
37121,5
83750,-1
59937,-1
174646,5
95050,-1
71606,5
155773,-1
120395,5
42585,-1
6612,5
28103,-1
183795,-1
202483,5
151764,5
142743,-1
68744,5
4891,5
82543,5
162501,5
135757,-1
198408,5
181341,-1
191892,5
24623,5
149182,5
74351,5
189946,5
151319,5
153441,5
149188,5
47107,5
48234,-1
29747,5
72430,-1
39894,5
158818,-1
116475,5
110580,5
158475,-1
89497,-1
45830,5
164820,-1
138923,5
46784,5
37921,5
92246,5
198007,-1
89461,5
153434,5
2945,5
70019,-1
120776,-1
180490,5
21478,-1
171674,5
84794,5
203431,5
200707,-1
150406,-1
89271,5
203372,-1
139087,5
14360,5
138635,5
81678,5
82940,5
195296,-1
158823,-1
81677,5
64109,-1
193124,5
70533,5
179946,5
27281,5
21657,5
27682,-1
193372,-1
150539,5
199946,5
149235,5
161625,-1
120125,5
95033,-1
23445,5
148948,-1
128405,5
181674,5
25631,-1
204906,5
56830,-1
40530,5
117114,5
93559,5
44597,-1
49871,5
93903,5
17910,5
129617,5
150799,5
151015,5
49783,5
162158,5
37544,-1
83869,5
159185,5
81543,5
200460,5
37929,5
70079,5
55275,-1
56803,5
120608,5
147308,-1
186407,5
186115,5
49581,5
120161,-1
98398,-1
162935,5
201305,5
11580,5
37438,5
153475,5
104551,5
180707,-1
49605,5
105616,5
128496,5
69736,5
176115,5
153618,5
139967,5
46850,-1
29852,-1
130606,5
22182,-1
200490,5
185296,-1
139960,5
69683,5
93967,5
32477,-1
95079,5
98323,-1
33506,5
37272,5
63430,5
38110,5
46224,5
137658,5
5719,5
63196,5
164680,-1
38107,-1
46102,-1
120986,5
9588,5
129376,5
189477,5
17599,5
167170,5
38111,5
74612,-1
148637,5
116915,5
120444,5
168280,5
152119,-1
149861,5
194906,5
96862,-1
147976,5
55671,5
171305,5
63445,5
151644,5
22683,5
84117,5
10188,5
77761,5
206947,5
106138,-1
130195,-1
72875,-1
82081,-1
84254,5
27589,5
15196,-1
152492,-1
115538,5
55787,5
181305,5
115558,5
1279,5
149790,5
115995,5
129279,-1
148394,5
17768,5
159266,5
21333,5
84256,-1
162749,5
78032,-1
47698,5
148540,-1
21855,-1
104056,5
9946,5
151655,-1
5689,5
110880,5
162740,-1
48900,-1
126622,5
69924,5
170490,5
4673,5
159000,5
9406,5
190707,-1
73885,5
139677,-1
179477,5
47460,-1
64408,5
150064,-1
138434,5
73944,5
138714,-1
65717,5
44957,5
11633,5
120689,5
56560,5
32216,5
148722,5
35327,5
168441,5
95026,5
98850,-1
14145,5
103063,5
190460,5
110984,5
10061,5
33505,5
180460,5
120839,-1
168007,-1
27663,-1
55440,5
162469,5
46391,5
203718,0
162268,5
127919,-1
201674,5
150079,5
84434,5
84431,5
137909,-1
139533,5
206115,5
82484,5
81825,-1
49207,5
27632,5
139160,5
84374,-1
33015,-1
174906,5
65166,-1
139471,5
120498,-1
7905,5
153018,5
93665,5
147952,5
117512,5
170460,5
105502,5
93818,5
22536,5
138128,5
103555,-1
161540,5
151885,-1
129795,5
148659,5
57141,5
206407,5
63537,5
149910,5
158598,5
176407,5
190490,5
193431,5
47945,-1
196115,5
119675,5
36209,5
178441,5
53353,5
85619,-1
191674,5
160194,5
67047,5
54347,-1
53395,-1
142287,5
109093,5
144095,5
60806,-1
31761,5
192690,5
193718,0
71875,5
183431,5
169,5
79540,-1
91482,5
71881,5
51870,5
6430,5
80543,-1
43314,5
140728,5
169477,5
118750,5
156494,5
60690,5
16683,5
196589,5
19309,5
12565,-1
71769,5
172690,5
67093,5
173431,5
155107,5
31363,-1
51898,5
109060,5
43335,5
169946,5
202720,5
67101,-1
144076,-1
51814,5
90500,5
114371,5
188280,5
26697,-1
85477,5
165533,5
95876,-1
43636,5
156806,-1
132174,5
163619,5
77211,5
13112,5
136146,5
51561,-1
92391,5
59024,-1
173718,0
18577,-1
170707,-1
59015,5
90725,5
41920,5
132027,5
58357,5
90610,5
134598,5
6371,-1
124638,5
78993,-1
85548,5
35628,5
136018,-1
28233,-1
76445,5
43539,5
88794,5
192720,5
183372,-1
101759,5
119411,-1
51746,5
122156,-1
165297,5
93430,5
163646,5
110224,-1
15991,5
142106,5
109213,5
108096,5
77119,5
140764,5
78851,5
38947,5
80042,5
135760,-1
80057,5
97724,5
157698,5
67745,-1
101059,5
143256,5
87103,5
75981,5
1006,-1
75980,5
160455,5
143282,-1
3706,-1
198441,5
143331,5
87099,5
113433,5
41048,-1
172720,5
10819,5
166139,5
42720,-1
97746,5
6717,0
108698,-1
142941,5
92518,5
19555,-1
59673,5
42718,5
184906,5
142990,5
31011,5
16457,5
178007,-1
79961,5
142855,-1
78870,5
52939,5
142820,5
155998,5
54489,5
155839,5
52461,5
183718,0
202690,5
166110,5
124371,5
12621,-1
67942,5
124380,5
142541,-1
156405,-1
188007,-1
175296,-1
108951,5
2476,5
176947,5
10723,2
26470,5
97635,5
43220,5
142459,5
43224,5
42236,-1
76333,-1
156483,5
95565,5
36215,-1
40920,5
203124,5
52338,-1
54618,5
164318,5
205296,-1
35679,5
119144,-1
79779,-1
113842,5
43105,5
26493,-1
80282,-1
38790,5
59485,-1
163913,5
178280,5
196947,5
99672,5
78770,-1
76260,5
88245,5
112116,5
85492,-1
15895,5
3459,5
187170,5
72221,-1
61666,5
134945,5
86787,5
157157,5
182720,5
35561,5
8295,-1
109621,-1
182690,5
23701,-1
173124,5
86821,5
87502,5
20625,5
58761,5
61771,5
135041,5
146169,5
135535,5
125417,5
20666,5
16847,5
140295,-1
70668,5
11298,5
145520,5
53849,5
160068,5
145566,5
16832,5
100089,5
33848,5
141424,5
99156,-1
81030,5
197170,5
125330,5
166524,-1
157102,5
53897,-1
38490,5
15693,5
6123,5
176589,5
106942,5
140312,5
32082,-1
153866,3
102520,5
106767,5
62042,-1
71006,-1
110566,5
166734,5
130788,-1
106764,5
72382,5
1440,5
16993,-1
118010,5
40593,5
98068,-1
177170,5
106719,5
106717,5
69311,-1
112595,5
173372,-1
141494,5
140141,-1
71049,5
84903,5
118135,5
109632,-1
92679,5
153982,-1
72287,-1
146396,5
32042,5
102440,5
94298,5
53988,5
69267,-1
39361,5
114920,-1
88984,5
71018,5
88986,5
9114,5
163110,5
4304,5
78483,5
206589,5
133664,5
140370,5
114498,-1
27924,5
123066,5
144842,-1
26739,5
11042,-1
157376,5
145108,5
20354,5
156856,5
186589,5
90528,-1
134758,-1
41816,-1
144929,5
51323,5
33946,5
141754,5
79339,5
18526,5
66661,5
183124,5
54949,5
160820,5
188441,5
109334,5
76580,5
198280,5
186947,5
196407,5
145418,-1
158144,5
158161,-1
141312,5
43755,5
3489,5
80752,5
160071,5
191305,5
199477,5
144773,-1
125273,5
86726,5
41913,5
185941,5
89623,5
150134,5
37368,-1
16955,-1
54230,-1
129329,5
129446,5
129447,5
197210,5
198435,-1
111278,5
185925,-1
90359,-1
162237,5
141267,5
189400,5
138047,5
8231,5
142744,-1
129275,5
59041,-1
79431,5
79797,5
34438,-1
162129,-1
53664,-1
35905,-1
165744,5
1434,-1
56214,5
167374,-1
8366,5
79427,-1
172429,5
184042,5
1539,5
150846,5
137964,-1
111009,5
35821,-1
142746,5
5428,5
63198,5
7150,5
90573,-1
37522,-1
82866,5
35163,5
129351,5
200874,5
79037,5
63517,5
198903,-1
91806,5
90485,5
113138,5
7041,5
187210,5
111143,-1
200755,5
78917,5
2016,-1
134366,5
150266,5
32902,-1
187374,-1
19062,-1
174325,-1
142218,5
76917,5
34724,5
73813,5
53915,5
89595,5
135568,5
113163,-1
47111,-1
47100,5
180874,5
63792,5
76404,5
16833,-1
37290,-1
134874,5
112863,-1
142285,-1
78920,5
90621,-1
128474,5
76989,5
79740,5
109628,-1
16906,5
141334,5
142654,5
112910,-1
205232,5
135101,-1
135652,5
141875,5
33076,5
19229,5
37345,5
94040,5
164806,-1
113393,5
164081,5
184151,5
53944,5
34517,5
116312,5
56268,5
135004,-1
134794,-1
184325,-1
165335,-1
198540,5
164787,5
63383,5
35974,-1
53166,5
180755,5
37419,5
77950,5
140035,5
94640,-1
112090,-1
183106,-1
8940,5
57667,5
94953,5
186330,5
91703,5
15338,5
49243,-1
139534,5
140378,-1
139568,5
162872,-1
145271,6
188435,-1
107416,5
196330,5
94395,-1
5781,5
110460,5
107374,-1
90794,-1
205367,5
75285,5
49324,5
107299,5
7945,5
8924,-1
28713,5
106395,5
144600,5
81936,-1
136334,-1
132217,5
144423,-1
148142,5
130265,5
95127,5
148087,5
195941,5
189017,-1
90189,-1
89889,5
132113,5
107707,5
148041,5
205009,-1
62475,-1
205941,5
196468,-1
148011,-1
62469,5
131931,5
51370,5
75447,5
78250,-1
114428,5
114483,5
114486,5
62468,5
114497,5
188903,-1
21095,-1
142964,-1
199939,5
28489,5
75105,5
166620,5
166621,5
81272,5
50267,5
15418,5
36692,-1
146489,5
81559,-1
15544,-1
199950,-1
75014,-1
186468,-1
137089,-1
136964,5
130656,-1
15462,5
166760,-1
173106,-1
36761,-1
94252,-1
74953,-1
106720,-1
74938,5
146729,5
62093,5
182429,5
36783,5
61806,5
20626,5
137155,-1
185367,5
20468,-1
188540,5
115227,-1
50750,5
77357,5
131428,5
174042,5
172782,5
28681,-1
115203,5
94346,5
90791,5
8008,-1
96150,5
182782,5
81161,5
27677,5
185232,5
6105,-1
95184,-1
140231,5
81122,-1
204946,5
89948,5
198204,5
146025,5
81621,5
163223,5
200012,5
199400,5
9329,5
48989,-1
165135,5
80078,5
129554,-1
82343,-1
52509,5
113706,5
1902,-1
54569,5
184946,5
9467,-1
143564,5
54599,5
143566,5
80214,5
110107,5
18740,-1
52303,5
166034,5
90276,5
77098,-1
77647,-1
173628,-1
89820,5
82244,5
80276,5
95257,5
185009,-1
174151,5
74356,5
77033,5
143242,5
115482,-1
94092,-1
94637,-1
35141,5
77010,-1
984,5
199017,-1
149428,-1
91786,5
138922,5
48025,5
59840,-1
197985,5
142993,5
78859,5
28755,5
143006,-1
6627,-1
140979,5
143031,-1
59908,5
90660,-1
54540,-1
143141,5
113635,5
110980,5
55974,-1
48169,5
80052,5
96315,5
80063,-1
165905,5
140837,5
110164,5
80334,5
107921,5
74460,5
36261,-1
94129,5
107979,-1
46775,5
48770,5
148445,5
77606,5
74479,5
7324,-1
205925,-1
90701,-1
137626,5
162762,-1
51799,-1
57379,5
1203,5
132304,-1
188204,5
106055,5
148315,5
136030,-1
111626,-1
80567,5
60937,-1
195925,-1
115495,-1
48975,5
91489,-1
80463,-1
95242,-1
162733,5
62880,5
183628,-1
48518,5
52080,5
187985,5
60552,5
15079,5
197374,-1
112273,5
27577,5
143907,-1
19940,5
143948,5
143951,-1
80385,5
80387,5
80392,5
80399,5
54700,1
51932,5
108073,-1
82125,-1
105902,5
132499,-1
82116,5
78741,5
21403,-1
167210,5
164934,-1
96056,5
56395,5
38714,5
160277,-1
119145,-1
123713,3
169400,5
84126,-1
156301,5
123562,5
42330,5
103542,-1
86351,-1
67959,5
97833,5
156478,5
24892,5
160240,5
179950,-1
194042,5
170755,5
127017,5
100507,5
10039,5
168204,5
88477,1
123344,5
202782,5
86518,-1
67781,5
160337,5
117256,5
92521,5
152767,5
155791,5
88631,-1
118948,-1
124021,5
175367,5
23063,5
124020,5
194151,5
123949,5
12757,-1
204042,5
65344,5
177985,5
204325,-1
3754,5
24501,-1
97744,5
155943,5
42680,-1
119016,5
195009,-1
209,5
71463,-1
152139,5
180012,5
96824,5
203106,-1
161761,5
86945,5
99846,-1
83737,-1
122686,5
122656,5
96842,5
73281,5
41242,5
119786,5
39176,-1
12224,-1
64681,-1
39398,5
159813,5
41102,5
68778,-1
41096,5
122429,5
70802,5
46217,2
12165,5
157328,-1
157326,5
70997,5
41479,5
37924,5
119470,5
83898,5
12472,5
86578,-1
100305,5
41887,5
160099,5
177374,-1
24991,1
71110,5
127196,-1
41719,-1
119529,5
26364,5
123008,5
64872,5
177210,5
192429,5
117072,5
122880,5
86860,5
119636,5
68461,5
206468,-1
24429,5
32267,5
154481,-1
97263,5
66515,5
204151,5
72444,-1
85258,5
102056,5
160823,5
44562,5
125110,-1
101983,5
10561,5
38327,5
194946,5
125040,5
101902,5
23446,5
23443,5
168540,5
175009,-1
154555,5
373,-1
44642,5
23957,-1
92390,-1
66825,5
72119,5
23849,3
93549,-1
30048,5
72299,5
160944,-1
118116,-1
179017,-1
97408,5
38448,5
93522,5
118070,5
44338,5
102525,5
125692,5
118039,5
72378,-1
178903,-1
125400,-1
13440,5
44433,5
72189,5
13293,5
102128,5
72150,5
2399,5
125300,5
31900,5
66866,5
118543,-1
168903,-1
118788,5
12865,5
31681,5
202429,5
168435,-1
155354,5
71682,5
43097,5
71680,5
3873,5
126416,5
170874,5
45085,5
152941,5
152913,-1
178204,5
155578,5
88666,-1
101182,5
97700,5
101165,5
85926,5
38085,5
152800,-1
45260,5
12884,5
84435,5
124718,-1
190755,5
71917,-1
44724,5
178540,5
84585,5
84571,5
179400,5
102965,5
175232,5
43511,5
190874,5
126056,-1
65828,5
194325,-1
178435,-1
44850,-1
155061,5
174946,5
169017,-1
101516,5
72693,5
44921,5
92457,5
44947,5
43221,5
169939,5
179939,5
40371,5
99251,5
92741,-1
70630,5
120439,5
98701,5
46452,5
46310,5
190012,5
39644,5
68912,5
175941,5
70051,5
2938,5
46551,5
73408,5
83202,5
14441,5
25780,5
158618,5
70602,5
98574,5
40327,5
93052,-1
151001,5
169950,-1
203628,-1
88235,5
32568,5
158027,-1
87716,5
195367,5
3011,5
167985,5
98752,-1
69186,5
99279,5
158009,5
92819,5
99273,-1
195232,5
46616,-1
161941,5
99418,5
121538,5
175925,-1
29757,-1
2949,-1
192782,5
157897,5
176330,5
46361,-1
120640,5
120192,5
189939,5
122350,5
206330,5
120359,5
104088,5
189950,-1
46375,5
12141,5
176468,-1
69452,5
170012,5
193106,-1
193628,-1
46353,-1
40931,5
87691,-1
159451,-1
159242,5
4033,5
139065,5
160700,5
163659,-1
20014,5
154712,-1
132204,5
85614,5
137561,5
69593,5
166240,5
172209,5
10647,5
120358,-1
121279,5
114025,5
202209,5
101814,5
137568,5
75625,5
205036,5
178472,5
11791,5
7597,5
114127,5
11812,-1
87797,-1
101704,-1
198021,5
188200,5
132314,-1
95117,5
101712,5
132435,5
66984,5
173697,5
10651,5
60956,5
17609,5
168918,-1
43538,5
118605,-1
175255,5
114080,5
178482,5
34953,5
205921,-1
110707,5
166038,5
36185,5
176442,-1
60440,-1
95136,5
158596,5
199204,-1
113845,5
80277,5
186293,5
137468,-1
143703,5
132881,5
173629,-1
71683,5
95793,5
16246,5
101336,-1
133030,5
42946,5
183697,5
101203,4
143560,5
101207,5
67410,5
169204,-1
101260,-1
155506,-1
178200,5
70514,5
19818,5
118824,5
166082,5
202413,5
85654,-1
35089,-1
55665,-1
196623,-1
67198,-1
23969,5
118763,5
1199,5
43255,5
163731,5
188056,-1
169096,5
24182,-1
178378,5
95827,5
186242,5
98756,-1
8731,5
160584,5
198056,-1
183629,-1
139369,-1
18230,5
67272,5
67264,-1
163746,5
121536,5
155225,5
25724,5
199284,-1
67239,5
113946,5
188021,5
196628,5
13121,-1
114397,5
206628,5
111331,-1
138228,-1
85129,-1
171034,5
87977,6
6124,-1
131402,5
56245,-1
61665,5
145686,5
44101,-1
114744,-1
138247,-1
81104,5
20556,5
40026,5
178918,-1
102205,5
27822,-1
61052,5
92862,5
172104,-1
56601,5
168807,5
20437,-1
168794,5
186048,5
114670,5
125317,-1
25905,5
81023,5
85161,5
81024,5
72181,5
160889,5
173858,5
196293,5
50592,5
196242,5
44214,5
138384,5
91596,-1
176098,-1
185921,-1
7745,5
102348,5
61809,5
50334,5
145926,5
50322,5
163154,5
166622,5
203697,5
125572,5
33722,-1
81180,-1
114828,-1
10448,5
120742,5
90051,5
85059,5
92332,5
66331,5
175122,5
61719,-1
72259,5
131267,5
70188,-1
94338,-1
38452,5
182660,1
95073,-1
9047,5
120954,5
56603,5
145410,-1
61241,-1
66764,5
87859,5
94429,5
51351,-1
80785,5
72047,-1
101927,5
202142,5
183125,-1
131831,5
186098,-1
27920,-1
191433,5
80805,5
172142,5
202135,5
166261,5
188378,5
121135,5
43748,5
61060,5
193125,-1
101851,5
85438,5
197673,5
75510,5
138973,5
43742,-1
196442,-1
80747,5
206964,-1
114386,5
88828,5
176293,5
206623,-1
172135,5
138905,5
178807,5
10529,5
176242,5
188482,5
145126,5
94403,-1
203629,-1
185732,5
94394,-1
197700,5
87905,5
77735,5
145389,-1
2910,-1
131518,-1
178794,5
176048,5
188472,5
35144,5
8920,-1
120441,5
144962,5
23892,-1
121080,5
92370,5
36387,-1
131722,5
114517,-1
194450,5
114524,5
114528,5
137924,5
145085,-1
202104,-1
60245,5
6628,-1
133183,-1
185122,5
141641,5
136274,-1
123030,5
12393,5
68334,5
90554,5
97943,5
165402,-1
90723,5
158028,5
53817,-1
141751,5
58964,5
187221,-1
122108,-1
177221,-1
192413,5
157985,5
109684,-1
8254,5
98034,5
58529,-1
135309,-1
197221,-1
26346,-1
184598,5
71027,5
135034,5
110229,-1
122891,5
187092,5
205255,5
11092,-1
136198,-1
41851,5
184450,5
39227,-1
140454,5
31305,5
1471,5
156764,5
71196,5
197092,5
18548,5
109181,-1
123260,5
19131,-1
123275,5
142179,5
79516,5
136501,5
119385,5
100448,5
1055,-1
165552,-1
109246,-1
19182,-1
54855,5
39193,5
86639,5
123148,5
109306,1
159622,5
53654,-1
165532,-1
70702,5
186628,5
41937,5
186623,-1
94950,5
141978,5
12065,5
76794,5
205122,5
186870,-1
17100,-1
176964,-1
18819,5
203125,-1
165220,-1
54396,5
112274,5
122537,5
135897,5
91,5
112436,5
87254,5
135682,5
141160,5
41235,5
192660,1
68742,5
31017,5
71003,-1
39434,5
39508,5
140871,-1
206870,-1
198378,5
18723,5
176870,-1
122354,5
41055,5
54476,5
88280,5
8121,5
1377,5
175732,5
40942,5
169911,-1
91092,5
198472,5
12236,5
91058,-1
98095,5
39362,5
186964,-1
135907,5
54721,5
68493,-1
86925,5
112566,5
198482,5
157942,5
141453,5
193858,5
35632,5
11117,-1
76801,5
193697,5
11144,5
17035,-1
177092,5
157426,5
58307,5
95317,5
185036,5
172660,1
184746,5
41270,-1
76905,5
203858,5
157472,5
95347,5
18900,5
68567,-1
11147,5
192209,5
156663,5
205732,5
108682,5
136891,5
111863,-1
6696,5
185255,5
87543,5
163852,5
57410,5
164560,5
198200,5
158319,5
42759,-1
18428,5
178021,5
86075,5
91354,5
19630,5
160387,5
7449,5
42081,5
165747,-1
123913,5
28148,5
142839,5
160351,5
67647,5
160355,5
42651,5
172413,5
86143,-1
36038,5
173125,-1
113478,-1
196870,-1
86160,5
155951,5
38915,5
40616,5
220,-1
187673,5
169284,-1
57321,5
120164,5
87626,5
70534,5
175921,-1
42841,5
42864,-1
124014,5
42873,5
165975,5
55419,5
121582,5
42920,5
42932,5
143428,5
39505,5
178056,-1
70559,5
67526,5
113618,-1
199096,5
183858,5
187700,5
193629,-1
52629,-1
29023,5
143183,5
121727,5
16382,-1
42807,-1
186442,-1
159498,5
79857,5
142803,5
164485,-1
110467,-1
192142,5
42213,-1
113220,5
70674,5
94741,5
192135,5
134329,5
35965,-1
16651,5
179096,5
156435,5
6857,5
76314,5
177673,5
108959,5
77301,-1
67996,5
198807,5
8035,5
134534,-1
92601,5
100463,-1
109071,5
54984,-1
1481,5
71249,5
140394,5
12564,5
42166,5
198794,5
16689,5
40762,5
122017,5
163938,5
78534,5
121913,5
176628,5
59455,-1
71392,5
39619,-1
123667,-1
39629,5
1020,5
110517,5
163897,-1
134287,5
76222,-1
53077,-1
198918,-1
111927,5
133921,5
123740,5
176623,-1
91275,-1
40710,-1
159577,5
160289,-1
55036,5
192104,-1
57546,-1
134240,-1
177700,5
159587,5
35975,-1
156341,5
202660,1
86348,5
196964,-1
42339,5
142581,5
67936,-1
142589,-1
206048,5
159211,-1
13615,5
82634,5
151659,5
104051,5
65746,5
89379,5
74749,5
116058,5
182135,5
126200,5
36855,5
182142,5
46220,5
129065,5
37752,-1
21878,5
44873,5
115663,5
116906,5
162342,5
672,5
168056,-1
105157,5
9241,5
196048,5
126097,-1
130467,5
182104,-1
117940,5
81770,5
2283,-1
115392,5
13710,-1
13709,5
9292,5
105421,5
62399,5
129222,5
64703,5
84410,5
89736,5
151696,5
149760,5
127512,-1
204450,5
129153,5
103104,5
74079,5
188918,-1
174598,5
44984,-1
151669,5
149798,5
182209,5
9622,-1
63545,5
149979,5
130608,-1
206098,-1
14318,5
22039,5
66069,-1
14339,5
49716,5
92272,5
116771,5
93862,5
46429,5
63682,5
44615,5
206293,5
2095,5
63692,5
153593,-1
179284,-1
66083,5
151372,5
117913,5
196098,-1
63645,5
116211,5
105004,-1
1806,5
126043,5
162339,5
44801,5
194746,5
105071,5
93619,-1
32187,-1
9627,5
127883,5
21021,5
117747,5
201034,5
125831,5
63597,5
168472,5
168021,5
4432,5
181034,5
168482,5
66021,5
116173,5
195255,5
9869,-1
130579,-1
13711,5
5412,5
96200,5
72986,5
27556,5
103441,5
152182,5
14018,5
189284,-1
89813,5
2203,-1
115596,5
105672,5
91746,5
48324,5
152129,5
91745,5
37061,5
82061,6
63053,5
152128,5
84159,5
89255,5
21349,-1
115783,5
152101,5
206442,-1
152519,5
152084,5
195036,5
9441,-1
62895,5
82169,-1
73057,-1
74382,-1
148715,5
126939,5
21420,-1
115674,-1
179911,-1
45718,5
189204,-1
45641,5
48629,-1
92123,5
82172,5
201433,5
45740,5
32422,5
167221,-1
84015,5
152226,5
73091,5
84127,5
91748,-1
129944,5
72997,5
127167,5
161797,5
63065,5
181433,5
13794,5
1917,-1
151914,5
64820,-1
204746,5
91730,5
37844,5
83781,5
94085,-1
9963,-1
103228,5
699,5
33116,5
45195,5
83759,5
152875,5
167092,5
171433,5
64737,-1
29814,5
129334,5
148009,-1
81935,5
37101,5
168200,5
82364,5
37918,5
126690,-1
64950,5
195732,5
5659,1
130100,-1
126681,5
103797,-1
48861,5
13839,5
82004,-1
161732,5
152698,5
127195,-1
63089,5
195122,5
106067,5
45977,5
168378,5
189096,5
96322,5
48077,5
195921,-1
199911,-1
174746,5
106646,5
182413,5
188794,5
150537,5
89586,-1
150605,-1
130949,5
146541,5
175036,5
93523,-1
125670,5
5208,5
32114,5
204598,5
15526,-1
194598,5
82975,-1
66232,5
44294,5
115050,-1
84937,5
81487,-1
5141,5
146759,5
64114,5
104613,5
125758,5
162981,5
33570,5
46820,5
128537,5
167700,5
64261,-1
73750,5
62071,-1
73581,5
29712,-1
106741,5
146641,5
150707,5
118022,5
5103,-1
128472,5
206242,5
115026,5
106749,5
150753,5
150700,5
27719,-1
23565,5
29655,5
116290,5
153754,-1
174450,5
37567,5
153861,5
44456,-1
153864,5
26849,5
167673,5
191034,5
179204,-1
189911,-1
46567,-1
83069,5
46504,-1
91922,5
44548,-1
188807,5
97347,5
146827,5
44282,5
146826,5
20903,5
146868,5
9097,-1
29705,5
61874,5
1793,5
75077,5
5134,5
46532,5
82947,-1
41562,5
103852,-1
127235,5
68395,-1
41585,5
151006,5
86810,5
192416,5
176237,5
53214,6
93136,5
119582,5
41556,5
141725,-1
149402,-1
76624,-1
22740,-1
198667,5
202962,-1
172599,5
127258,5
167310,5
37866,5
19048,5
149341,-1
160039,5
88397,5
63091,5
192380,5
151980,5
45720,5
123496,5
40138,-1
53891,-1
157139,5
69900,5
177310,5
86739,5
87892,5
170373,5
53902,-1
93153,5
86794,5
37480,5
95056,5
193907,5
46705,5
76319,-1
105546,-1
151928,5
128184,-1
54087,5
73609,5
121118,5
92693,5
7119,-1
157330,-1
73249,-1
82491,5
142539,5
7124,-1
159918,5
171777,5
193838,-1
156389,-1
7130,5
121189,0
151040,5
3372,5
6837,-1
54131,5
195163,5
79103,5
40208,5
93096,5
3368,5
37835,5
197808,-1
58653,5
171559,5
39296,-1
167808,-1
7087,5
98388,-1
21,5
22245,5
92683,5
104711,5
22244,5
159285,5
37543,5
120641,5
31369,-1
98368,5
12605,5
187022,5
162714,5
39314,-1
99926,5
30440,5
190289,5
105504,-1
170260,5
83784,5
126958,-1
63950,-1
77970,5
138827,5
68152,5
83944,5
17941,5
142164,5
203667,5
4776,5
93906,-1
113101,5
187310,5
34599,5
79617,-1
142407,5
73698,5
93790,5
94768,5
16682,5
16745,-1
193267,5
42212,5
111314,5
138720,-1
138723,-1
21573,5
14024,-1
48258,5
14021,-1
35928,5
35936,5
73129,5
9437,-1
177617,-1
193408,-1
148930,5
79587,5
123379,5
40036,5
6906,5
64108,5
42105,-1
198776,5
202736,5
17833,-1
129657,-1
28559,5
168667,5
9458,5
202762,5
113141,5
162133,5
156670,-1
92607,5
172962,-1
123220,5
71174,5
170289,5
53708,5
92092,5
616,-1
71133,5
95424,-1
193436,5
190373,5
91228,5
205214,5
27327,5
82384,5
93175,-1
21631,5
203907,5
12597,5
150964,5
190369,5
39884,5
111078,5
198833,5
35243,-1
86677,5
173408,-1
69917,5
88019,5
111455,-1
79385,5
78010,-1
197022,5
109325,5
88524,-1
152106,5
37062,5
59309,5
59025,5
173436,5
83890,5
203682,5
181559,5
37068,5
1272,5
77801,5
170369,5
112958,5
115689,5
13988,5
69933,-1
19163,5
141335,5
41898,5
53662,5
12593,-1
156861,5
34526,-1
121198,5
127388,5
4974,-1
18588,5
83371,5
77215,5
11272,5
99258,5
105059,-1
203267,5
89662,5
110326,5
78635,5
128905,-1
192762,5
78622,5
63587,-1
103933,-1
87385,5
17314,5
92763,-1
158585,5
186599,5
198273,5
11285,5
35580,5
87399,5
185163,5
206903,5
120028,5
40404,5
32612,5
192962,-1
37320,5
78666,5
162312,-1
120216,-1
99393,-1
180369,5
46263,-1
119975,5
157959,5
180373,5
149884,5
78725,5
9902,5
68974,-1
140653,5
151581,5
18634,-1
89685,-1
140638,-1
167617,-1
172762,5
1362,5
11264,5
73834,5
192736,5
111692,-1
136201,5
136320,-1
158022,5
159427,-1
17253,5
14280,-1
116169,5
186575,-1
158134,5
11986,-1
87503,5
176599,5
47175,-1
121791,-1
139780,-1
57279,-1
46506,5
11364,5
176575,-1
186459,5
165052,5
150356,5
203769,-1
180938,5
151341,5
70549,5
91882,5
203408,-1
140015,5
14669,-1
186438,-1
104934,5
57351,5
91005,5
69366,-1
158406,5
121721,-1
70563,5
29761,5
104324,-1
70636,5
203436,5
112022,5
193682,5
176438,-1
140362,5
35046,5
136707,5
70503,5
121997,5
137257,-1
18497,-1
136735,5
39599,5
161955,-1
37650,-1
111742,-1
176459,5
140280,5
39708,-1
12018,-1
185214,5
78339,5
193667,5
78504,-1
37598,-1
150221,5
158525,-1
104351,5
89621,5
161934,-1
105210,-1
92736,-1
32722,5
141221,5
98135,-1
56847,-1
180260,5
186903,5
159883,5
161799,5
197310,5
83710,-1
180289,5
162496,5
37471,5
120332,5
69651,-1
35739,-1
54395,-1
157623,5
104773,5
206237,5
55812,5
63343,-1
78170,5
58269,-1
12205,5
69588,5
139194,-1
128500,5
34863,5
158827,-1
41135,-1
164926,5
74166,5
200938,5
90947,5
25215,-1
8213,5
68552,-1
37820,5
190260,5
157458,5
105439,-1
122710,5
127423,5
157500,5
93090,5
157506,5
91131,5
58336,5
5415,5
95324,5
159884,-1
63730,5
158841,5
55941,-1
18878,5
177022,5
82528,-1
94058,5
68632,5
58234,5
165184,-1
192599,5
17601,4
157813,5
3259,5
41022,5
172736,5
173267,5
46579,5
89567,5
140883,-1
122369,-1
197617,-1
122368,-1
186237,5
40348,5
151649,5
11221,5
58160,5
25731,5
135856,5
14620,-1
127707,5
110129,5
14811,5
77100,-1
198363,5
9598,5
195214,5
149862,5
139245,-1
135779,5
119847,5
69562,5
135759,5
128119,-1
95293,5
54449,5
54474,-1
17635,-1
5379,5
9574,-1
3288,5
64582,-1
104042,-1
164267,5
56978,5
73320,5
78862,5
193769,-1
54506,5
40328,-1
122468,5
8162,5
41093,5
203838,-1
54552,-1
12177,5
14405,-1
92728,5
157747,-1
176903,5
151150,5
50210,-1
83182,5
86350,5
16191,0
15324,5
34145,-1
182416,5
143805,5
5761,5
89037,5
15756,-1
202416,5
61500,-1
166103,5
167022,5
126353,5
49214,5
175163,5
178273,5
93553,5
107379,5
44471,5
62431,5
125277,5
26606,5
153028,5
43110,5
168833,5
143663,5
4558,5
183667,5
113904,5
19890,-1
147954,5
130436,5
84764,5
85722,5
29400,-1
49293,5
24208,5
71733,5
106699,5
36870,5
206599,5
94175,5
160611,5
44953,5
202380,5
36888,6
108170,5
132632,5
1832,5
43198,5
43180,-1
49931,5
108150,5
93661,5
204088,5
113910,5
191777,5
178776,5
160533,-1
103112,5
84365,5
160501,5
108101,5
163374,-1
62492,-1
126539,5
166028,5
143446,5
173838,-1
155630,5
12827,5
81016,5
92293,5
133202,5
130275,5
155645,5
115465,-1
75257,5
178833,5
183769,-1
36109,5
148149,5
16341,5
94589,-1
155696,5
154266,5
96100,5
200260,5
93532,5
143259,-1
20837,-1
130206,5
168776,5
5735,5
106716,5
44470,-1
188776,5
67363,5
117480,5
34199,5
89020,-1
174088,5
113809,5
21205,5
23832,-1
182962,-1
28065,5
42959,5
153752,5
201559,5
183682,5
19800,5
187808,-1
81880,5
125308,5
106237,5
72147,5
23146,-1
65557,5
81454,-1
36924,5
29127,-1
3937,5
155775,5
170938,5
146973,5
60994,5
60988,-1
31797,-1
74811,5
91487,5
130554,5
89951,-1
191559,5
188833,5
144327,5
66947,5
85355,5
147469,5
43628,5
84597,5
44733,-1
144234,4
124661,5
6266,5
124651,5
147521,5
23359,-1
132300,5
126036,5
20270,-1
204131,5
201777,5
175214,5
107578,5
124868,5
115095,5
130617,5
115104,5
91665,5
153536,5
188363,5
118401,-1
1666,5
178667,5
23441,5
196459,5
85391,5
15920,5
15856,-1
13496,5
166321,5
31829,5
183267,5
51503,5
38268,-1
147408,5
147444,5
125944,-1
190938,5
154693,-1
188273,5
125044,5
20284,5
125170,5
43367,-1
173769,-1
147644,5
153292,5
182380,5
173667,5
144092,5
103026,5
309,5
75388,5
155078,5
106689,5
10694,5
13204,5
6435,5
196575,-1
92367,5
145069,5
155133,5
145070,5
113985,5
146823,5
113976,-1
196599,5
178363,5
95926,5
90247,5
60811,5
145013,5
154491,-1
6407,-1
93426,-1
204125,-1
183408,-1
147538,5
67008,-1
204120,-1
124625,-1
9236,5
115204,-1
51180,-1
130659,5
90207,-1
44839,5
183436,5
145011,5
71865,5
171975,-1
49851,5
144969,5
173682,5
67040,5
147604,5
85603,5
145008,5
16060,5
117941,5
81717,-1
36849,5
60086,5
196438,-1
31536,5
61805,5
19543,5
20607,5
13898,5
93725,5
146574,5
206438,-1
118105,-1
172416,5
38946,5
88589,5
194125,-1
205163,5
194120,-1
196903,5
75039,5
61936,5
27585,5
66316,5
10856,5
202599,5
191975,-1
152438,5
44205,5
61788,-1
148557,5
28157,5
75011,5
50469,5
102492,-1
81120,5
24497,-1
95697,5
807,-1
97298,5
50065,5
182736,5
145889,5
174125,-1
15184,5
72222,5
74489,-1
126793,5
59701,5
114968,-1
15179,5
119039,-1
62661,-1
44136,5
38465,-1
125681,5
131324,5
174131,5
196237,5
81127,5
93721,-1
166531,-1
123818,5
177808,-1
95698,-1
173907,5
134147,5
95596,5
79754,-1
75087,-1
44244,5
146279,5
62810,-1
61872,5
32005,-1
146318,-1
81278,5
184120,-1
90428,5
5598,5
184125,-1
184131,5
165645,-1
117239,-1
76271,5
66260,5
113328,5
181777,5
168273,5
35976,5
79711,5
10425,-1
84123,5
156317,5
200373,5
131134,-1
42532,-1
92326,5
148558,-1
81225,5
6768,-1
165719,5
23665,5
188667,5
34453,5
125562,5
182599,5
84128,5
106924,5
34455,5
201975,-1
184088,5
88552,5
59505,5
36011,-1
200369,5
194088,5
165691,5
156284,5
94113,5
105912,-1
13894,5
194131,5
187617,-1
66187,-1
200289,5
145785,5
146699,5
126658,5
66435,5
20822,5
32270,5
174120,-1
181975,-1
13811,-1
19626,5
1775,5
80055,5
206575,-1
133516,-1
44080,5
183907,5
92500,5
206459,5
165851,5
28118,-1
45341,5
5961,-1
106126,-1
143116,-1
15233,5
125359,5
143064,5
6666,5
168363,5
65394,5
23074,-1
143019,-1
86018,5
94619,5
106762,5
130092,-1
154180,5
183838,-1
133344,5
154108,5
52554,-1
182762,5
97723,5
36766,5
133345,-1
61573,5
89166,5
148383,5
80048,-1
172380,5
94612,-1
45428,5
163042,5
155782,5
118228,5
6681,5
24426,5
60059,-1
19685,5
86109,5
133431,5
155886,-1
28605,5
73795,5
61873,5
121753,-1
170167,5
118262,5
128691,5
138284,5
137834,5
138312,-1
13382,5
131825,5
70441,5
191043,5
66459,-1
70592,5
14432,5
128481,5
70105,5
69300,5
170377,5
124992,-1
124991,-1
190993,-1
77379,5
64074,-1
118224,5
121816,-1
205521,5
56404,-1
111248,5
170234,-1
186181,5
171676,-1
66451,5
69192,5
196181,5
189611,5
137711,5
77404,-1
136892,5
116611,-1
73877,-1
72178,-1
206907,5
188411,-1
73852,5
121790,5
128734,-1
128495,5
92770,5
188395,-1
92379,5
193377,5
14418,5
57391,5
56420,5
32765,-1
10574,-1
77617,-1
111861,5
166850,5
91663,5
69755,5
66650,5
9180,5
75201,-1
193575,5
191186,5
28662,-1
93905,5
205553,5
191224,5
57039,-1
170130,-1
206602,5
64015,-1
69677,5
118051,5
75313,-1
91914,5
11692,5
30871,-1
186337,5
118059,-1
138099,5
171043,5
125774,5
114586,5
32693,5
61449,5
164998,-1
138025,-1
111462,-1
194547,5
73838,5
137449,5
7912,5
29225,-1
91966,5
10357,-1
30567,-1
15500,5
196337,5
166373,-1
62070,5
116665,5
130926,-1
61812,5
61339,-1
137101,5
166805,5
94988,5
32667,5
125303,-1
205579,-1
137073,5
172078,5
131013,5
131023,5
29753,5
70192,5
195371,5
170993,-1
31928,5
31999,-1
197544,-1
191392,-1
114540,5
13199,5
116259,-1
189748,5
69820,5
118169,5
115055,5
131731,5
9818,5
131514,-1
30060,5
1201,5
62092,-1
70016,-1
92795,5
193017,5
15614,5
94994,-1
128469,5
61777,5
120265,5
8122,5
64335,5
68278,5
191949,5
8578,-1
113593,5
91206,5
68315,5
130101,5
91200,5
91780,-1
189087,5
58848,5
63109,-1
68346,5
68373,5
130144,-1
169611,5
72903,-1
11038,5
76557,-1
123153,5
115793,5
31495,5
68233,-1
8552,5
58998,5
113562,5
196819,5
74502,5
93293,-1
71517,-1
129544,5
59905,5
74554,5
14966,5
169280,-1
118918,5
68462,-1
165986,5
63164,5
67474,5
169231,-1
94568,5
70994,-1
16327,5
13790,5
118875,-1
65455,-1
14927,-1
133189,-1
117018,5
92205,-1
16884,-1
135405,-1
9336,5
74246,5
16376,-1
169748,5
195123,5
129474,5
74237,5
171392,-1
94836,5
127273,5
34292,5
8263,5
93123,5
60080,-1
165374,5
123156,5
190377,5
118872,-1
92555,5
117181,-1
129766,5
134111,5
91244,-1
117140,-1
68015,5
119141,5
12569,5
127033,5
92533,5
62914,-1
168286,5
93223,-1
115733,5
189231,-1
59451,0
168202,5
12594,-1
94733,5
92137,5
67961,-1
93244,-1
134297,-1
13928,5
73077,5
94715,5
134173,5
123560,5
165624,5
113353,5
192078,5
134350,-1
117250,5
192195,-1
94096,5
59695,5
115571,5
189124,-1
115781,5
165748,5
34427,5
8370,5
134703,5
119468,5
73154,5
59036,-1
68187,-1
133827,5
34392,-1
71167,5
119078,5
59085,-1
194098,5
187544,-1
189280,-1
119372,5
16534,5
16711,-1
196907,5
194119,5
12510,5
117115,5
62981,-1
59148,5
31318,5
73008,5
8520,5
134657,5
168395,-1
133125,5
195264,5
136009,-1
75670,-1
543,-1
67017,5
172195,-1
69037,5
127807,5
91043,5
126037,5
188202,5
195579,-1
188884,5
14279,5
116831,5
136408,5
114052,-1
126136,5
128910,-1
116099,5
9601,5
9906,5
93632,-1
14255,-1
68898,5
112266,5
128968,-1
122300,5
122280,5
10678,5
68920,5
28721,5
93054,-1
171696,5
127786,5
65934,-1
69067,-1
30181,5
118467,5
57587,-1
188286,5
71989,5
75539,-1
117819,5
63599,5
92388,5
136740,5
74844,5
15406,-1
121925,5
66787,5
195521,5
136781,-1
114385,5
194385,-1
65987,-1
195553,5
171186,5
167544,-1
186602,5
60997,5
66891,5
171949,5
57673,-1
132207,5
168884,5
93996,5
136650,5
190130,-1
92132,-1
112536,5
190234,-1
16229,5
168411,-1
132921,-1
130314,5
206181,5
132871,5
171224,5
115963,-1
73292,-1
116963,5
68712,5
112417,-1
132742,5
186907,5
126471,5
193782,0
169124,-1
172632,5
119710,5
206819,5
68548,-1
126474,5
74159,5
58367,5
122755,5
118847,5
124184,5
70936,5
60350,5
194913,5
165316,5
126473,5
33072,-1
72762,5
132425,5
65755,5
32549,5
169087,5
191696,5
15357,-1
192632,5
126171,5
124516,5
34071,5
32555,5
64083,-1
116064,-1
116916,5
191676,-1
74766,-1
10687,5
118757,5
77047,5
206337,5
124484,5
132720,-1
132680,-1
10734,5
115280,-1
186819,5
124382,5
72736,5
191734,5
60630,-1
165178,5
70821,5
190167,5
17124,5
171734,5
196602,5
123416,5
54350,5
37372,-1
108892,-1
152782,5
152776,-1
79720,5
108907,-1
79723,-1
38065,5
53165,-1
179748,5
19406,-1
184119,5
38059,5
97176,5
198884,5
89193,5
28185,5
142611,-1
45400,5
89194,5
142645,5
184098,5
161459,5
161372,5
108954,5
4675,-1
90478,5
163964,5
38218,5
201676,-1
53337,5
23246,-1
174913,5
19327,-1
45007,5
89102,5
84385,5
84368,5
142516,-1
45048,5
2279,-1
161297,5
84354,-1
163940,-1
142477,5
35961,5
179611,5
152885,5
45516,-1
6781,0
184913,5
52779,-1
180130,-1
22751,-1
204385,-1
142986,5
201224,5
103845,5
180167,5
36073,5
96919,5
89328,5
83794,5
152163,5
22707,5
201186,5
161744,5
46076,5
83765,5
180234,-1
143051,5
37786,5
199087,5
152014,5
52820,-1
152445,5
79831,5
163896,5
152436,5
152425,5
89208,5
152397,5
4695,5
2230,-1
84099,-1
103486,-1
103493,5
163888,5
22861,5
142821,5
52925,-1
22893,5
103563,5
201392,-1
19539,5
4733,5
22868,5
161574,-1
161177,5
201696,5
142158,5
23933,5
101828,5
43693,-1
7118,5
202195,-1
154611,5
205264,5
101848,5
85437,-1
43724,5
154544,-1
173377,5
18938,-1
54043,5
43804,5
109713,-1
43831,-1
154445,5
7097,5
54025,5
18994,5
154326,5
141429,5
141377,5
1410,-1
28333,5
18803,5
43257,5
101472,5
204098,5
38718,5
178395,-1
101560,-1
178411,-1
85646,5
175264,5
43647,5
90628,-1
109935,5
3992,-1
109911,5
204119,5
85534,5
26693,5
154810,5
4042,5
202078,5
4185,5
141958,5
179231,-1
35897,5
97253,-1
153664,5
23472,5
84742,5
4391,-1
179280,-1
184385,-1
79445,-1
141552,5
142036,5
142042,5
201734,5
44647,5
38282,5
142091,-1
53542,5
163971,5
84780,-1
23550,5
26845,5
153800,5
95392,5
26777,5
178884,5
4223,5
175123,5
141584,5
184547,5
109542,5
85043,5
44198,-1
179087,5
201949,5
84936,-1
44304,5
23619,5
84904,5
153905,-1
179124,-1
23570,-1
89006,5
104049,-1
37743,5
174119,5
200377,5
148596,-1
105965,-1
148511,5
5631,5
20222,5
21341,-1
51290,5
148341,5
181949,5
148759,5
80826,5
174098,5
48994,5
48995,5
200234,-1
173782,0
21220,5
49091,-1
49159,-1
182078,5
181734,5
1883,5
47878,5
80571,-1
36299,5
27507,-1
51648,5
181392,-1
144418,5
37134,5
162572,5
162628,5
82405,5
181696,5
149334,5
144610,-1
149136,-1
149089,5
37054,5
149029,-1
181676,-1
48404,5
82260,5
162696,5
162814,5
107480,5
51105,5
163032,-1
204913,5
146680,-1
89995,-1
81072,5
81087,5
27730,5
146622,-1
96029,-1
50610,-1
20589,5
162862,-1
146503,5
50134,-1
6016,5
146447,5
146443,5
20729,5
90041,-1
81289,5
199748,5
146183,5
146741,5
36798,5
106681,-1
36801,5
81784,-1
106339,-1
200167,5
147817,-1
81767,-1
200130,-1
163458,5
183017,5
182195,-1
106432,5
106477,5
89946,5
145408,5
49551,5
199611,5
36827,5
49638,5
81571,-1
107305,-1
36812,-1
183377,5
149631,5
83620,5
46670,-1
19765,5
143467,5
80158,5
22416,-1
163807,5
37583,-1
6574,5
83308,5
108291,5
5077,5
37561,5
2086,5
37535,5
104618,5
46785,-1
28047,5
108270,-1
204547,5
150844,5
83113,5
83109,-1
199231,-1
89496,5
173575,5
82526,5
180377,5
174547,5
37692,5
4948,5
143207,5
80060,5
36096,5
83567,-1
80071,5
83560,5
108479,5
199124,-1
46522,5
2123,-1
201043,5
90303,5
143266,-1
46368,5
183782,0
80112,-1
200993,-1
205123,5
83105,-1
46877,5
80327,5
80531,5
90233,5
47610,5
89694,-1
80506,-1
89700,5
37286,5
21893,5
82672,5
181186,5
89717,5
21846,5
104729,-1
47706,5
181224,5
89726,5
20058,5
47763,5
20062,6
82572,5
6376,5
37171,5
36296,5
80467,5
51913,5
37344,5
83068,5
96611,5
199280,-1
5194,-1
46985,-1
183575,5
174385,-1
52021,5
104867,5
82979,5
150369,5
162238,5
27392,5
150325,5
150222,-1
150217,5
47350,5
51951,5
180993,-1
181043,5
38730,-1
53391,5
182632,5
203782,0
99057,5
99030,-1
78574,-1
175579,-1
39143,-1
203377,5
175553,5
175521,5
54992,-1
158454,5
2610,5
177544,-1
160212,5
39676,5
176602,5
100364,-1
88451,5
55916,5
39177,5
156830,5
110960,-1
110444,5
3129,-1
78544,5
41927,-1
18102,0
40682,5
86625,5
87458,5
28439,5
24806,5
42188,5
97791,5
40287,-1
110280,5
138868,-1
42472,5
156151,-1
202632,5
159418,-1
95222,5
87624,-1
164397,5
88564,5
35295,-1
159367,-1
176337,5
140578,5
98718,-1
86346,-1
42314,5
185123,5
18582,-1
164407,-1
156420,5
156432,5
156434,5
198286,5
97837,-1
158647,5
158546,5
160266,5
1285,5
7384,-1
41885,5
173017,5
156880,5
88240,-1
139365,5
157939,5
3376,5
185521,5
157344,5
185371,5
157341,5
97939,-1
139855,-1
35451,-1
95160,-1
185553,5
203017,5
157319,5
157378,5
90792,-1
41281,5
3233,-1
139426,-1
87044,5
99716,5
40935,5
41173,5
157689,5
40966,-1
159784,5
7546,5
157745,5
176907,5
157788,5
176819,5
159942,-1
41483,5
41502,5
185264,5
41857,5
2747,5
156937,5
205371,5
86695,-1
198202,5
25023,5
100090,5
110883,5
3166,5
41618,5
78175,5
157151,-1
86857,5
110564,5
140077,-1
87396,5
40793,5
139233,-1
157229,5
25494,5
25112,-1
139238,5
185579,-1
157992,5
55754,5
99974,5
40992,-1
110207,5
159105,5
90907,5
85788,-1
138459,5
38872,5
175371,5
155818,5
203575,5
56188,5
77951,5
26063,-1
164781,5
138734,5
178286,5
25927,-1
77936,5
159193,5
1394,-1
101361,-1
95278,5
39889,5
155945,5
158838,-1
24444,-1
155999,5
155530,5
97696,5
198395,-1
176181,5
98654,-1
35709,-1
155535,-1
95258,5
198411,-1
78740,5
39812,5
178202,5
78784,-1
99305,5
150374,1
206212,5
94285,5
70708,5
50087,5
146587,5
181080,-1
128852,-1
180913,-1
162279,5
5991,5
63631,5
29594,-1
174336,-1
82853,5
89629,5
159149,5
111234,-1
130874,5
199808,5
106772,5
174358,5
39978,-1
174317,5
170000,5
167468,5
47620,5
73996,5
106748,5
120905,-1
26189,-1
82682,5
81466,-1
99194,5
189547,5
149855,5
121968,5
159576,5
98453,5
74940,-1
159070,5
120026,5
105192,5
176073,5
62044,5
82794,5
12030,-1
105093,5
36752,5
189669,-1
149971,5
206073,5
50020,5
149970,5
9620,5
189527,5
149882,5
32981,5
104915,5
189712,5
106809,5
131121,5
150896,5
150892,5
25412,5
87244,5
14487,5
146251,5
104646,5
128317,-1
116459,-1
89530,5
14500,5
189808,5
83140,5
63997,5
63955,-1
14545,5
150910,5
83188,5
204556,5
131137,5
203696,5
104530,5
104538,-1
116504,5
64156,5
22320,5
131142,5
2715,5
104612,5
27332,5
9072,5
200913,-1
70109,-1
9773,-1
122356,-1
46739,5
22250,5
70106,-1
22189,-1
116291,5
189716,5
206885,5
169975,5
157981,5
204595,5
193696,5
25958,-1
69934,-1
81346,5
70728,5
73822,5
150651,5
157984,5
12067,5
150472,5
172018,-1
176730,5
46975,-1
150834,-1
206235,-1
146418,5
99390,5
176774,-1
9729,5
6022,5
89548,5
88059,5
128460,-1
203230,5
25969,5
170371,5
50146,5
96615,5
83041,5
116301,-1
166681,5
25911,5
188816,5
5927,5
92816,5
48626,-1
11855,5
148618,5
129875,5
147678,5
200371,5
158659,5
188902,-1
171941,5
82096,-1
74447,5
87732,5
49341,5
98733,5
193023,5
130001,5
158666,5
158848,5
74772,-1
48616,5
105710,-1
29490,5
40452,5
115711,5
74345,-1
48440,5
62894,5
96152,-1
74789,5
98838,5
48474,5
192992,5
30864,5
74369,5
2807,5
148669,5
49425,-1
195875,5
62651,5
203430,5
94150,-1
49011,5
148143,5
9320,5
106181,5
147867,5
158774,5
2974,5
9285,5
182018,-1
166918,5
62483,-1
49069,5
147868,5
11435,-1
106288,-1
147869,5
121382,5
121366,5
69667,5
21252,5
147852,5
121408,5
21335,-1
74501,5
195897,5
48847,5
121448,5
115519,5
92986,5
181941,5
106104,5
148291,5
48922,5
176321,5
2999,5
115484,-1
115327,-1
158754,5
174096,5
9234,-1
48398,5
91825,5
98947,5
176212,5
130616,5
96374,5
121828,5
87521,5
121789,-1
158382,-1
63216,5
149596,5
196073,5
69341,5
181369,-1
149585,5
87926,5
74191,-1
74870,-1
149581,5
9211,5
199975,5
81565,5
166852,-1
105371,5
94243,5
166838,5
181210,5
149783,5
49873,5
158211,-1
130312,5
115988,5
105329,-1
176621,5
175875,5
146886,-1
193430,5
146928,5
105360,5
162486,-1
166848,5
96354,5
149550,5
89812,5
176286,5
200506,5
70329,5
167291,5
195741,5
40989,5
96293,5
62252,-1
149180,5
98262,5
115875,-1
1901,-1
63049,5
1815,5
189302,5
192928,5
129610,5
121694,-1
11898,-1
63090,5
170506,5
30894,5
14975,-1
175897,5
166889,-1
69923,-1
181416,5
88180,5
92781,5
47997,5
193230,5
115840,5
176235,-1
200000,5
29524,-1
37085,5
162931,5
39877,5
105610,5
40194,5
105635,5
67200,5
151084,5
66171,5
67759,-1
44274,5
24612,5
194595,5
44293,5
201941,5
192018,-1
66216,-1
168641,5
72366,-1
194096,5
191080,-1
153870,5
23574,5
118040,5
93272,5
119151,-1
156167,5
32025,5
44257,5
153983,5
177869,5
119074,-1
86201,-1
13326,5
178902,-1
191210,5
202018,-1
125450,1
44131,-1
97421,5
30071,5
171080,-1
72235,5
154067,5
2546,5
194556,5
102331,5
92526,5
26814,5
125561,5
38425,5
118004,5
72417,5
71497,-1
161047,-1
97836,5
44668,5
10309,-1
102895,5
190913,-1
153375,-1
102968,5
102969,5
24760,-1
103010,-1
2301,5
126149,-1
103028,5
32200,-1
103032,5
32201,5
30327,-1
126201,5
86428,-1
125899,5
117832,-1
206730,5
160290,5
13463,5
10363,-1
4368,-1
71403,-1
97809,-1
67900,5
153645,5
153615,5
67919,-1
160288,-1
72473,5
72496,5
102760,-1
179302,5
39031,5
4415,5
84654,5
153529,5
86365,5
160908,5
119056,-1
122382,5
290,5
160523,5
85591,5
43458,5
38793,5
194336,-1
97605,5
160512,5
101285,-1
154813,5
67372,5
43582,-1
43583,-1
31673,5
66928,5
154788,-1
124738,5
194358,5
124750,5
168902,-1
155496,5
31760,5
124296,-1
71856,-1
155303,-1
178343,5
31697,5
155223,5
178362,5
85766,-1
3912,-1
204096,5
170913,-1
71774,5
67109,5
67298,-1
85644,5
24143,5
124549,5
12983,-1
43359,5
160656,5
194317,5
88749,5
178641,5
43676,5
4209,5
124816,5
13207,5
13209,5
23889,5
191369,-1
102070,5
88866,5
118292,5
154328,5
191941,5
86049,5
168816,5
38521,5
71547,5
178816,5
154301,5
97475,-1
2526,5
38512,5
72176,5
86081,-1
154242,5
160808,5
160427,5
125132,5
155776,5
42992,-1
101831,5
101832,5
42949,-1
67426,5
4079,-1
71630,-1
67477,5
154553,5
169302,5
10590,5
101078,5
66717,-1
206621,5
43768,-1
160431,5
191416,5
97727,5
24452,-1
72703,-1
196212,5
126238,5
68495,5
71004,5
151834,5
171416,5
73246,5
2668,-1
151812,5
203023,5
119663,5
127434,-1
151775,5
32533,-1
68466,5
169808,5
64633,-1
174595,5
96834,5
12308,5
161848,5
159896,5
4940,5
174556,5
127306,5
202992,5
157243,5
190371,5
179975,5
83965,5
14009,5
127046,5
180000,5
22817,5
93775,-1
161588,5
161645,5
201210,5
100017,-1
169716,5
100007,5
96954,-1
64909,5
96952,-1
12334,5
119610,5
64869,5
73350,-1
93641,5
151624,5
30478,5
189975,5
206286,5
180506,5
70832,-1
99624,5
41108,-1
104362,5
175741,5
151271,5
29739,5
122431,5
128089,5
46574,5
176885,5
167869,5
22383,5
22371,5
2711,5
83307,5
116595,5
5017,-1
46428,5
127984,5
32588,5
201080,-1
27233,5
22575,-1
3370,5
85758,5
159888,5
41246,5
99719,5
11165,5
206321,5
88290,5
9884,5
122614,-1
41225,-1
46348,5
22520,-1
151464,-1
190000,5
87054,5
151437,5
65061,5
201369,-1
171369,-1
152908,5
177468,5
169547,5
65533,5
117460,5
65528,5
160138,-1
97157,5
179669,-1
92206,-1
103269,5
152810,5
84293,5
204317,5
152795,5
179712,5
100395,5
119448,5
179716,5
89167,5
45300,-1
169527,5
156694,5
160189,5
119345,5
171210,5
72721,5
97214,5
161221,5
161235,5
156538,-1
156549,5
153077,-1
179527,5
97198,5
38130,5
13706,5
84391,5
68041,-1
179547,5
126408,-1
68045,-1
126425,5
24904,-1
100356,5
152710,5
201416,5
73033,5
68330,-1
177291,5
10086,5
157111,5
190506,5
202928,5
152357,-1
126930,5
84132,5
37972,-1
39273,5
169669,-1
152259,5
169712,5
160026,5
204358,5
100032,5
71111,5
92148,5
206774,-1
168343,5
24930,5
72921,-1
168362,5
161425,5
39192,5
156848,5
93705,5
86623,-1
123138,5
204336,-1
45594,5
65271,5
126765,5
32321,5
179808,5
3505,5
86686,5
467,5
65217,-1
180371,5
1361,5
144329,5
91483,5
144146,-1
137860,5
137886,5
95861,-1
134873,5
53873,5
58885,-1
107906,5
109471,5
34716,-1
79294,-1
141649,-1
28829,5
173696,5
145007,5
79926,5
165406,5
79277,-1
53911,5
60990,-1
20111,-1
138886,5
198641,5
90195,5
163620,5
144424,-1
136829,5
134969,5
134970,2
58916,5
144134,-1
141714,5
53839,5
8740,5
50401,5
199302,5
187291,5
60670,5
139035,5
173430,5
95166,5
80400,-1
184358,5
79424,5
59022,5
79419,5
53655,5
114010,-1
6429,5
144078,5
80474,5
59001,-1
35487,-1
94449,5
51858,5
34637,5
141786,5
134771,5
53815,5
1640,5
19094,5
183430,5
58798,5
76703,5
184556,5
7095,5
107633,5
15880,-1
36357,5
90859,5
109717,5
172992,5
18020,-1
57619,-1
107624,5
56614,5
78578,5
8896,5
91513,-1
197468,5
112597,5
112594,5
15852,5
90173,-1
56148,5
135500,-1
91515,5
54106,5
77289,5
35834,-1
112044,5
80806,5
138753,5
199527,5
141497,5
55008,5
1342,5
91149,5
19019,5
112717,-1
135089,-1
135091,5
78070,5
136754,5
78063,-1
141556,5
55050,5
184595,5
76753,5
76758,5
76760,-1
107645,5
35006,-1
90177,-1
135259,5
54016,5
56718,-1
186073,5
185741,5
36350,-1
8874,5
188343,5
75479,-1
138830,5
188362,5
183230,5
18414,5
75773,5
55264,5
52621,5
60051,5
34323,-1
163832,5
142745,5
142734,5
139599,5
113671,5
143243,5
134025,5
34464,5
80093,-1
196730,5
165924,-1
165936,5
90797,-1
60137,5
184096,5
198902,-1
94580,-1
16576,-1
187468,5
186235,-1
59430,5
164666,-1
79719,5
196774,-1
143153,-1
55775,-1
111718,5
55585,-1
76097,5
142974,5
111702,5
165834,5
90974,-1
17534,-1
6695,5
139432,5
142957,5
142991,5
186286,5
76074,5
186321,5
57941,5
59889,5
133575,5
165753,5
7555,5
36036,5
36029,5
196885,5
16520,-1
143069,5
165040,5
139540,5
19514,5
95130,5
78195,-1
113715,5
196621,5
94754,5
77469,5
76385,5
75880,5
132934,5
143646,-1
108250,5
16215,5
142372,-1
132895,5
173023,5
76413,5
163763,5
166043,5
19261,5
163761,5
19879,5
52144,5
95115,-1
108151,-1
184317,5
113918,5
95812,5
60551,5
60586,-1
137816,5
184336,-1
164581,5
59117,5
187869,5
205897,5
34514,-1
198816,5
29083,5
79686,5
34525,-1
53204,5
19371,-1
134306,5
183696,5
205875,5
139214,5
16643,-1
186212,5
53216,5
36136,5
7594,5
133048,-1
59300,5
55435,5
113232,5
110666,5
35939,5
139879,5
53287,5
109026,-1
139185,5
142414,5
205741,5
163775,-1
53306,-1
16253,1
145002,5
166235,5
33799,5
78914,5
145952,5
90097,-1
61420,5
78994,-1
114538,5
61537,5
95087,5
75272,5
199547,5
58201,5
35614,5
54736,5
186621,5
145397,5
77101,5
145933,5
17244,5
868,5
56542,5
109913,5
15665,-1
138678,5
56433,-1
54832,5
197291,5
77034,5
196286,5
199716,5
138270,5
172928,5
135963,-1
90101,5
33935,5
54542,5
15652,-1
196235,-1
39933,5
163515,-1
15646,-1
35749,5
186774,-1
140579,5
78612,5
112450,5
91052,5
36543,5
185897,5
15699,5
186730,5
199712,5
110036,5
90103,5
188641,5
36541,5
196321,5
51029,5
57791,-1
186885,5
197869,5
90143,5
131536,5
7357,5
29209,-1
6229,5
58198,5
198362,5
131724,5
141280,-1
112295,-1
138234,-1
173230,5
15686,5
28557,5
79017,5
199669,-1
90639,-1
198343,5
17211,-1
7335,-1
164349,-1
54495,-1
182928,5
111140,-1
183023,5
164324,5
78798,5
54842,-1
182992,5
7316,5
145677,-1
110386,5
131566,5
56341,5
135630,5
185875,5
51124,-1
135633,5
77109,-1
138147,5
140762,-1
166571,5
35623,5
142522,5
17502,5
41428,5
126561,-1
99890,5
169411,-1
113211,5
194933,-1
157332,5
126403,5
139793,5
86038,5
101048,-1
169414,5
122803,-1
41384,5
86943,-1
84349,-1
197015,-1
7522,5
72835,5
194086,5
67854,5
164345,5
110149,5
161353,5
84369,5
79667,5
100629,-1
88650,5
31091,5
168955,5
124105,5
42842,5
10267,5
109133,5
86862,-1
191860,-1
175669,5
202461,-1
168463,5
84480,5
206502,5
177188,-1
93637,5
157292,5
134544,-1
160482,5
28234,5
17141,-1
7494,-1
113103,5
44796,5
192461,-1
54616,5
179411,-1
76450,5
179414,5
90507,5
72661,5
92240,5
109148,5
17138,5
124227,-1
113119,-1
91039,3
6919,-1
39015,-1
99891,-1
65714,5
117587,-1
67428,5
110644,5
101179,5
155650,5
38179,-1
186672,5
12814,-1
45004,-1
93314,5
42891,-1
88652,5
77089,-1
76390,5
39316,-1
110634,5
110621,5
137042,5
153202,-1
70999,5
119220,5
12635,5
139927,5
32213,-1
23280,5
91002,-1
126250,5
137052,5
175689,5
174933,-1
95504,5
93696,5
27009,5
110746,-1
108749,5
86218,-1
103584,5
123866,-1
59666,-1
179930,5
173505,5
4741,-1
117163,5
174732,-1
136000,5
156007,5
142911,5
67689,5
88289,5
32425,5
52910,-1
7932,-1
25322,-1
156000,5
24545,5
65173,-1
18605,5
26496,-1
41168,5
79871,5
152340,5
103513,-1
19531,-1
45683,5
68743,-1
3302,5
18646,5
93290,5
12684,-1
184019,-1
57155,-1
177832,5
38986,-1
152123,5
10024,5
206858,-1
169348,5
133647,5
113479,5
39442,5
45855,5
180063,5
201258,5
176858,-1
70795,-1
83947,5
57163,-1
123754,-1
88573,-1
52842,5
52830,5
19571,5
22851,-1
133823,5
152203,5
196858,-1
140597,-1
157714,5
204019,-1
3282,-1
173065,-1
198998,5
140652,5
127083,5
142782,5
119165,-1
172461,-1
68588,-1
161169,-1
89177,5
159886,5
108891,-1
10147,5
142606,5
169833,5
65300,-1
79741,-1
123712,5
152652,5
88608,5
187470,5
117324,5
65329,-1
45315,5
13816,-1
79712,5
152749,-1
98132,5
28203,5
94734,5
203065,-1
67607,-1
173219,5
99828,5
152791,3
79690,5
41336,5
25220,-1
157452,5
13809,-1
28182,5
177015,-1
88593,5
97749,-1
186346,5
168289,-1
119157,-1
53039,5
22940,-1
119072,5
177913,5
171258,5
169365,5
198955,5
186335,5
41218,5
27046,5
169341,5
469,5
184086,5
26538,5
173481,5
45466,-1
25274,-1
18604,5
156154,5
24481,-1
177767,5
92714,-1
152495,5
31446,5
179833,5
152452,5
79783,-1
38232,-1
153436,-1
154330,5
192291,-1
193948,5
124612,5
18992,-1
112080,5
35563,5
194468,5
94956,-1
2410,-1
16950,5
97483,-1
43927,5
119483,5
68030,5
118285,-1
67074,5
125258,5
68188,5
184610,5
10542,5
66592,-1
154993,5
165094,5
4133,5
23884,-1
194019,-1
92369,5
141219,5
90729,-1
136537,-1
168998,5
38559,5
77306,5
173382,5
34865,5
2413,5
155052,5
58612,-1
7085,5
156557,5
85121,5
141570,5
160896,5
125380,5
10482,5
155108,5
30076,-1
160851,5
44098,5
186858,-1
66375,-1
178955,5
54404,5
135009,5
41827,5
173299,-1
119490,-1
194523,5
78913,5
66470,-1
85195,-1
191258,5
194495,-1
135680,-1
203920,-1
118689,-1
23799,-1
123125,5
160887,5
154201,5
198463,5
34870,5
154188,5
85144,5
125148,-1
41972,-1
94961,-1
93200,-1
112537,5
12521,-1
156685,-1
154811,5
202208,5
34996,5
13041,5
88816,5
156696,5
156706,5
124840,-1
135628,5
135495,-1
57654,5
124801,5
24854,-1
125131,-1
12541,5
109897,-1
54204,-1
86483,5
92605,-1
205669,5
101766,5
79075,5
24020,-1
124794,5
192208,5
85488,5
43594,5
54157,5
203948,5
165327,-1
178573,5
38636,5
177470,5
202291,-1
57595,5
184732,-1
85377,-1
154947,5
154514,-1
197470,5
28272,-1
72054,-1
43802,-1
160201,5
164166,5
178463,5
119449,5
198573,5
43810,5
110405,5
31860,5
39155,5
95187,5
100410,5
38607,-1
92614,5
135479,5
34759,5
72023,5
100405,5
66757,-1
205689,5
71241,5
154525,-1
187015,-1
119433,-1
118382,5
101646,-1
54407,3
117726,5
55194,5
178289,-1
79406,5
141944,5
117931,5
93560,5
157177,5
68393,5
125805,5
77031,-1
79415,5
44624,5
117901,5
89048,-1
206672,5
7467,5
125716,5
201832,-1
2340,5
71710,-1
102596,5
184933,-1
201860,-1
102615,5
58987,-1
168573,5
1462,5
55177,-1
66145,5
153718,5
123014,5
78458,-1
85802,5
112326,5
38322,5
38319,-1
88687,-1
179348,5
28744,5
122907,5
72581,5
135781,5
31139,5
34604,-1
164574,5
201742,-1
202964,-1
194732,-1
124262,5
110086,5
17447,-1
164580,-1
179365,5
72563,5
84617,5
43136,5
160024,5
92662,5
77431,-1
191832,-1
44648,5
35918,5
204086,5
43140,5
157207,5
13521,5
205627,5
26885,5
71050,5
179341,5
6947,5
41550,-1
153761,5
140146,-1
193920,-1
19056,-1
23656,-1
10439,-1
100513,5
186502,5
10434,5
202897,-1
184523,5
102388,5
125590,5
136507,-1
191134,5
153967,5
88970,-1
58869,5
38410,-1
35726,-1
28330,5
71084,5
123056,5
197188,-1
57498,5
13362,5
178998,5
44192,5
124489,5
4257,5
141113,5
2364,5
156532,5
112379,5
102337,5
110047,5
101478,5
34899,5
141111,5
175627,5
184495,-1
58884,5
135774,-1
119546,-1
2347,5
136486,-1
194610,5
160540,5
42244,5
66192,5
198289,-1
78470,5
84855,5
157065,5
7018,-1
171134,5
184468,5
165084,5
191742,-1
19084,5
187,-1
53856,5
90556,5
187188,-1
125651,5
153924,5
18541,-1
72319,5
84933,5
124448,5
136491,-1
156495,5
41693,-1
88410,5
19079,5
161014,-1
141700,5
180101,5
65977,5
165013,5
48594,5
195818,3
193065,-1
181742,-1
11798,5
148713,5
69586,5
144723,5
176346,5
129802,5
129838,-1
74394,5
115645,5
78046,5
129853,5
6298,-1
36359,-1
148611,5
131926,5
48507,-1
62879,5
11808,5
15068,-1
115761,-1
148980,5
171832,-1
37048,5
61113,5
138874,5
96276,5
17747,-1
92825,5
62954,5
105712,-1
91497,5
131974,5
159419,5
21488,-1
183219,5
35192,5
69655,5
74534,5
148372,5
185818,3
115549,5
48849,-1
200303,5
62629,5
20268,5
159361,5
170211,-1
171860,-1
39799,-1
62588,-1
193505,5
203561,5
74550,5
9345,5
95882,-1
200283,-1
61263,5
167188,-1
51293,5
106000,-1
48806,-1
74442,5
62744,5
51357,-1
181832,-1
176335,5
181860,-1
105955,-1
20220,5
62704,-1
131879,-1
30585,5
144830,4
96251,-1
197913,5
82049,5
78025,5
148429,5
78059,5
144631,-1
89748,5
88147,5
183382,5
95865,-1
189414,5
189411,-1
181258,5
195669,5
16003,5
56001,5
149661,5
63015,-1
132280,-1
196502,5
195689,5
8817,3
39706,5
98861,5
149602,5
11883,5
204732,-1
6381,5
171742,-1
25672,-1
186100,5
172208,5
94026,5
110982,5
195627,5
40494,-1
21856,5
1954,5
199365,5
3062,5
14849,5
88156,5
149785,5
75657,5
110987,5
149774,5
107893,5
75638,5
25697,-1
170101,5
115878,5
51499,5
203505,5
120223,5
132108,-1
121515,5
193561,5
61065,5
149218,5
144587,-1
144588,5
90936,5
17746,-1
132059,-1
92990,-1
36325,-1
11847,5
132056,-1
188289,-1
48104,5
189365,5
69502,-1
63171,-1
132205,-1
51587,-1
189348,5
199411,-1
5460,-1
203481,5
63137,5
80658,5
189341,5
183299,-1
192964,-1
149362,5
149358,-1
9501,5
21674,5
199414,5
89878,-1
158794,5
56808,-1
159076,5
81464,5
114706,5
5963,-1
30727,5
170303,5
50016,5
145797,5
199833,5
20805,-1
182461,-1
27737,-1
115000,5
193299,-1
145817,5
89999,-1
197767,5
197832,5
114741,-1
29271,-1
50590,5
163033,5
14,-1
130694,5
172964,-1
166481,5
62154,5
15448,5
5896,-1
182897,-1
196100,5
130667,5
50727,5
166840,5
138275,5
145713,5
188573,5
50684,5
146757,5
11513,-1
145745,5
146580,5
70052,5
172897,-1
831,5
20686,-1
114800,-1
106933,5
77932,-1
35259,5
30657,5
39924,5
166567,5
39935,5
173920,-1
106808,5
114854,5
107016,5
61807,5
107015,5
6064,-1
35251,-1
131180,5
15615,-1
88036,5
81283,5
176100,5
204933,-1
7731,-1
130932,5
81353,5
20762,5
15655,-1
61938,5
26006,5
2832,5
61925,-1
9099,5
39966,5
193382,5
138392,5
166636,5
35247,5
173948,5
27791,5
15578,-1
199930,5
74900,5
69927,-1
61425,5
174086,5
188998,5
130301,2
15790,5
193481,5
6218,5
49212,5
188955,5
39820,-1
196346,5
98477,5
167015,-1
115350,5
39824,5
166930,5
183065,-1
162865,5
176303,5
56565,-1
147849,5
188463,5
115393,5
61368,5
21185,-1
9334,5
130189,5
138745,5
40254,5
49012,5
29458,5
36925,5
115455,5
145039,-1
94154,5
114521,5
148049,-1
61366,-1
29433,5
130287,5
145045,5
9302,5
200211,-1
147834,5
49241,5
145215,5
147461,5
81618,5
182964,-1
74843,-1
170283,-1
193219,5
130602,5
163446,5
206100,5
81572,-1
25854,5
182291,-1
174019,-1
69915,5
196303,5
40119,-1
145613,5
49720,-1
138232,-1
11644,5
2929,5
158936,5
36872,-1
121083,5
196335,5
11708,5
87856,-1
20383,5
90881,-1
115237,5
115233,5
49356,5
147682,5
138197,5
200101,5
163450,5
158894,5
130499,5
766,5
182208,5
39857,5
200063,5
105490,5
170063,5
174495,-1
158021,5
113713,5
104300,5
83417,5
167913,5
104359,-1
187767,5
189930,5
99263,5
29088,5
122093,5
87378,5
52388,-1
46540,5
90967,5
176672,5
32691,5
158118,5
162030,5
204495,-1
77598,5
113788,5
88236,5
78209,-1
8626,5
37658,5
151453,5
55717,5
175818,3
206303,5
157983,5
174523,5
9857,-1
127999,-1
37636,5
87335,5
14345,5
151431,-1
75970,5
173561,5
151197,5
69070,5
52191,-1
73640,-1
189833,5
196672,5
185627,5
104621,5
158172,5
19824,5
150921,5
132984,5
52287,5
8688,5
128335,5
116451,5
14493,5
7609,5
167767,5
150849,5
187913,5
150847,-1
64023,-1
27314,5
80242,5
172291,-1
83220,5
6560,5
174468,5
151067,5
128148,5
25521,-1
187832,5
104494,-1
108290,5
167832,5
204523,5
18158,-1
75900,5
55806,5
94549,-1
158129,-1
203299,-1
8668,5
158143,5
143595,-1
104217,5
92751,-1
116794,5
183920,-1
190303,5
64806,5
93815,5
119951,-1
14135,5
190283,-1
4859,-1
46095,5
206346,5
37829,-1
133570,-1
83761,5
103926,-1
180211,-1
137479,5
203219,5
159702,5
174610,5
161734,5
164626,5
151478,5
89326,5
122378,5
35079,5
186303,5
183948,5
110762,5
165832,5
108694,5
139459,5
103825,-1
64894,5
169930,5
79938,5
205818,3
4831,-1
64863,5
83821,5
151929,5
127269,5
151781,-1
133544,5
64713,5
127444,-1
164665,5
52559,5
1572,5
139312,5
3210,-1
139307,5
190101,5
161935,5
99317,-1
46319,5
93048,-1
204468,5
46338,5
34267,5
119991,5
190063,5
37662,5
157955,5
75996,5
151691,5
180283,-1
201134,5
68914,5
18239,-1
37791,5
52677,-1
64668,5
190211,-1
180303,5
93835,-1
59954,5
143146,5
206335,5
133457,-1
111681,5
161835,5
36093,-1
89539,5
122027,-1
133583,-1
80426,5
52012,6
183481,5
19949,-1
82932,5
34124,-1
128917,5
108108,-1
107993,5
204610,5
150488,5
91439,5
111559,5
5207,5
9671,5
128541,-1
185669,5
149955,-1
199341,5
183561,5
199348,5
163733,5
120071,5
128944,5
83023,-1
6480,5
47257,-1
47520,5
40512,-1
55950,5
36245,5
183505,5
139020,5
14707,-1
128827,-1
1997,5
91462,5
912,5
37367,5
73924,5
132553,5
39657,5
158390,5
150359,5
192897,-1
203382,5
5290,-1
30922,-1
98948,5
98937,5
91465,-1
150018,-1
132506,-1
1288,-1
98932,5
3100,5
111525,5
144038,5
121893,5
83078,5
27442,-1
28031,5
176502,5
63867,-1
137793,5
143861,-1
150818,-1
89559,-1
63882,-1
105168,5
121702,5
150744,5
26135,5
185689,5
56857,-1
128448,5
181134,5
20030,-1
22192,-1
128484,5
28017,-1
6504,5
29659,5
110931,-1
150815,5
52189,5
128506,-1
25567,5
132386,5
60467,5
132353,5
35328,5
167470,5
149876,5
31400,-1
176768,5
68839,5
159453,5
56752,5
136354,-1
137835,5
158399,5
35134,-1
136880,5
177252,5
24699,-1
157948,5
68722,-1
136984,5
35434,5
176207,5
25624,-1
41584,-1
156407,-1
157830,5
24996,-1
17286,-1
35250,-1
123503,5
25706,-1
192108,5
68938,5
157949,-1
55979,5
68923,-1
176993,5
176184,5
56512,5
42357,5
170791,5
160034,-1
42483,-1
57889,-1
40524,5
57059,5
136314,-1
31016,-1
185263,5
30919,-1
39237,5
170329,5
25980,5
136879,5
159158,5
157700,5
121693,5
18275,-1
121618,5
159709,5
120747,5
177249,5
25930,-1
157932,5
39682,-1
122357,-1
193278,5
42495,-1
120885,5
11932,-1
42358,-1
11919,-1
157887,5
192374,-1
123053,5
140095,-1
11927,-1
177240,5
41045,-1
137910,5
42360,5
12366,5
157021,5
12122,5
18443,-1
164766,5
41074,5
164616,-1
17914,-1
123211,5
56232,5
123498,5
122817,5
41928,-1
24848,5
12289,5
17496,5
170452,5
186549,5
193031,5
186207,5
40239,-1
138134,5
17973,5
157389,5
57656,5
39631,5
122786,5
156617,-1
39745,5
169501,-1
137817,5
69712,5
28709,5
192201,-1
158291,5
55023,5
173176,5
69063,4
170713,5
177194,5
123252,5
39627,5
185175,5
30357,5
173031,5
186412,5
156784,-1
139926,-1
40726,5
176622,5
185327,-1
68151,-1
25540,-1
160167,5
138850,-1
136682,-1
69581,5
41494,-1
69182,5
192783,-1
123304,-1
122011,5
177417,5
139084,5
12471,5
30348,5
158791,5
55815,-1
40634,5
158063,5
140473,5
158903,5
137255,5
55085,-1
11691,5
68645,5
30760,5
186184,5
122217,-1
160239,5
186622,5
139618,5
39550,5
121076,5
140264,-1
39742,5
41833,5
164568,5
140508,5
35492,5
39720,5
193225,-1
31052,5
172783,-1
40140,5
176412,5
24995,5
185134,5
56751,5
193176,5
121491,5
138694,5
159321,5
140318,5
121230,-1
25594,-1
176549,5
169482,-1
56997,5
164928,5
157457,-1
159626,5
165066,-1
164443,-1
41248,-1
164734,-1
169997,5
41886,-1
164718,5
139276,5
17504,5
11862,5
30767,-1
30463,5
55081,5
185157,5
140250,5
50393,-1
191991,5
150305,5
37399,-1
14674,5
166146,5
14683,-1
47274,5
150333,-1
34108,5
150264,-1
150261,5
181000,-1
29596,5
162272,5
51925,5
183494,5
166178,5
21977,5
128641,5
37433,5
47063,-1
63793,-1
63962,5
132868,-1
166104,5
132750,5
163748,-1
150723,5
143884,5
163735,-1
37450,5
188011,5
52073,5
180791,5
173652,-1
143958,5
47048,5
60722,5
181205,-1
129146,5
188197,5
129165,5
174265,5
47772,1
129199,5
129204,-1
60950,5
149665,5
27971,-1
144309,5
167417,5
181371,5
132230,5
174216,-1
37142,5
144386,5
60892,-1
172201,-1
63396,5
51873,5
128937,-1
171686,5
20027,5
60820,5
60821,5
132383,5
63487,5
63483,5
36286,5
144119,5
189501,-1
129042,5
47648,-1
181183,-1
189482,-1
149829,5
180713,5
143729,5
143676,-1
180329,5
165866,5
183830,5
127744,5
60062,5
151620,5
151570,5
32566,-1
180378,-1
46299,5
64414,5
143275,5
46382,5
180452,5
168011,5
151451,5
46408,5
133409,5
171445,-1
34245,5
163834,5
190329,5
151933,5
165840,5
127299,5
52776,-1
172374,-1
143000,-1
37828,5
127409,5
14160,-1
183888,5
36078,5
143108,5
151715,5
29765,5
189997,5
183652,-1
143522,-1
133087,-1
171524,5
171530,5
64187,5
174463,5
14439,5
151013,5
14447,5
60347,-1
52318,-1
64139,5
52293,5
133024,-1
163774,5
22297,5
46813,5
14402,5
143291,5
27289,5
60169,5
46422,5
161986,5
162000,5
46461,-1
46480,5
19746,5
183731,-1
166021,5
60227,5
133190,5
133178,1
128086,5
128096,-1
64239,5
63161,5
51580,5
54741,5
188837,-1
49672,-1
36475,-1
33535,5
20956,5
49735,5
147010,5
62177,5
162980,5
146994,5
162631,5
49769,5
50782,5
62162,5
20904,5
131469,-1
182374,-1
146842,5
61579,5
36470,-1
33527,-1
62201,5
147190,5
50938,5
50937,-1
130491,-1
173830,5
182201,-1
147557,-1
131528,5
172108,5
29228,5
49521,5
61524,-1
61527,5
145422,-1
162943,-1
15398,5
145443,-1
146814,5
49930,-1
163010,5
166654,5
146455,-1
146454,5
50446,5
61892,5
131055,-1
61752,-1
146416,-1
50250,5
146309,5
36625,5
146244,5
36651,-1
188650,5
146198,5
50386,-1
61783,-1
146142,-1
50481,5
146723,5
20586,5
15709,5
166491,-1
131429,5
20838,5
50671,-1
62082,5
171991,5
166741,5
61635,-1
61637,5
182783,-1
131385,-1
173888,5
146601,5
130911,5
145908,5
146577,-1
183031,5
49298,-1
147774,5
51431,-1
129662,5
129677,-1
188329,5
15036,-1
189270,5
48416,5
131984,5
148915,5
48438,5
15061,-1
181686,5
173731,-1
167240,5
37015,-1
129785,5
62862,5
132025,-1
132058,5
183225,-1
51442,-1
181445,-1
149405,-1
63115,-1
183278,5
132110,-1
149333,5
14981,-1
149302,-1
189310,-1
181524,5
181530,5
167252,5
37070,5
167249,5
21587,-1
21575,5
62859,5
167194,5
182108,5
163563,-1
21257,5
51179,-1
181991,5
188442,-1
49020,5
27621,5
49059,5
15269,5
130303,-1
36911,5
33425,-1
188960,-1
15782,-1
170378,-1
51030,-1
130413,-1
15337,5
36374,5
48952,5
148588,-1
130183,-1
162729,5
129923,5
48685,5
148524,5
51353,-1
130042,5
148430,5
51280,5
183176,5
51263,-1
62596,5
62593,5
162780,5
148294,5
36366,5
61270,-1
130172,5
37856,5
64886,5
133642,5
191445,-1
160748,5
66782,-1
124910,-1
35842,-1
43751,-1
154539,5
13156,5
135449,5
66702,5
36047,5
154517,5
154505,5
125042,5
154490,-1
43801,5
13183,5
38588,-1
38585,5
54080,5
135483,-1
154601,-1
154625,5
66944,-1
154805,5
184698,5
54177,5
191530,5
191524,5
43609,5
160744,5
141389,-1
35835,5
186993,5
23977,5
178650,5
18955,5
154640,5
28815,-1
26718,-1
28271,5
23788,5
13305,5
175134,5
135065,5
135046,-1
125407,5
35858,-1
125424,5
154118,5
191205,-1
141607,5
178960,-1
19036,5
154079,-1
191183,-1
141621,5
53921,-1
44031,-1
154277,5
168837,-1
178837,-1
125143,5
58537,-1
154403,-1
191371,5
43871,-1
175175,5
66520,-1
164051,5
38526,5
43903,5
175157,5
171000,-1
23829,5
16941,5
154290,5
141519,-1
13051,5
35795,-1
24054,5
12791,5
124073,-1
186768,5
18694,5
169270,5
31591,-1
140853,5
34961,5
124158,-1
155565,5
67416,5
124174,5
140856,-1
178197,5
140857,-1
155788,5
67552,-1
175327,-1
124002,5
123835,5
156009,5
67690,5
67670,5
67667,5
42640,-1
155966,-1
185060,5
160389,5
38893,-1
178011,5
24478,-1
160416,5
169310,-1
155850,5
24468,-1
173225,-1
124230,5
38816,-1
154886,-1
67169,5
155127,5
191686,5
12964,5
124536,5
26657,5
31749,5
35754,5
178442,-1
43399,5
35770,5
13008,5
175263,5
31763,-1
35792,5
154928,5
66989,5
168960,-1
67172,5
160487,-1
173278,5
140914,5
31683,-1
164270,5
140925,5
155275,5
155263,5
124381,5
155224,5
18749,-1
67228,5
124406,-1
135765,-1
184910,5
178329,5
155203,5
155198,-1
125520,5
58829,5
44259,5
134213,-1
45354,5
45376,5
13858,5
168329,5
126736,-1
59473,-1
45496,-1
165704,5
19440,5
152484,5
59546,5
173494,5
16554,-1
142709,5
65382,5
134219,5
28156,5
38068,5
184216,-1
161302,-1
29944,5
53260,5
126456,-1
126469,5
134348,5
53225,5
45162,5
32258,-1
65433,5
134273,5
187417,5
163935,5
16615,-1
163930,5
142750,5
13925,-1
152994,5
32451,5
45795,5
179997,5
133702,5
64995,-1
190378,-1
37923,5
152075,-1
152073,5
64962,5
127174,5
161628,5
45918,5
127182,5
165819,5
168197,5
152180,5
152385,5
142763,5
13937,-1
45656,5
13941,5
37998,5
133886,5
37974,5
152286,-1
126956,5
126971,5
152250,5
52854,5
152220,5
171371,5
190452,5
174698,5
190713,5
163958,-1
66283,-1
141827,5
125734,-1
66139,5
187240,5
141897,5
53689,5
187249,5
32121,-1
187252,5
125795,5
191000,-1
179270,5
179310,-1
35906,5
142001,5
163978,5
13514,5
125854,-1
153681,5
19134,5
34607,5
141823,-1
58841,5
44280,5
66253,5
168650,5
125647,-1
38406,-1
153906,5
32074,5
66197,-1
187194,5
58954,5
175060,5
184463,5
44432,5
32109,5
153757,5
13519,5
125930,5
65632,-1
171205,-1
190791,5
165599,5
53379,5
126245,5
179482,-1
44931,5
142373,5
153177,5
179501,-1
168442,-1
184265,5
65674,5
13691,-1
53297,5
16677,-1
45029,5
174910,5
38199,5
44897,5
26898,5
44892,5
44687,5
171183,-1
125962,5
32184,5
65941,5
134647,5
23394,5
153449,6
44715,5
142160,5
65879,-1
23343,-1
126128,5
153295,5
19256,5
153262,5
138435,5
46453,5
8059,5
93386,-1
3999,-1
1836,-1
7215,-1
198442,-1
206622,5
101513,5
7264,5
78838,5
78826,-1
89850,-1
202374,-1
74327,5
70782,-1
89763,5
193731,-1
115690,-1
78730,-1
198329,5
115676,-1
78929,5
78935,5
194265,5
9548,5
96102,5
85393,5
204910,5
202201,-1
96125,5
79162,5
85474,5
79131,5
109930,-1
92396,5
85501,-1
79082,-1
115932,5
89925,-1
109848,5
109887,5
101746,-1
85797,-1
101363,5
96370,-1
115238,5
86141,5
96693,5
78338,5
100798,-1
3712,5
86232,-1
10763,5
110759,-1
100736,5
204463,5
74867,-1
9206,5
93490,5
86324,5
194216,-1
70865,5
204698,5
96425,5
70793,-1
94134,5
9411,5
74427,5
1959,-1
78611,5
101232,5
115603,5
101170,5
110577,5
85932,5
101108,5
110504,5
110529,5
198197,5
7462,5
3790,5
85338,5
79262,-1
74905,5
89986,5
102854,5
79906,-1
95785,5
84655,-1
9767,5
6730,-1
73666,5
116466,5
198960,-1
95819,5
73709,5
92501,-1
4370,5
193652,-1
79780,5
205060,5
79739,5
1649,5
118665,5
118609,-1
4444,-1
93265,5
195327,-1
4529,5
4523,5
92582,5
205157,5
84450,5
95714,5
73536,-1
205134,5
93263,-1
6651,-1
201686,5
73561,5
103001,-1
84525,5
102981,5
193,5
108558,5
6829,5
79699,5
73807,-1
109327,5
4204,-1
96062,5
248,5
9621,5
79439,5
251,5
94201,5
109314,5
10704,-1
93364,5
85206,5
4182,-1
102055,-1
202108,5
118756,-1
198650,5
85286,5
118760,5
92463,5
116163,-1
90167,5
79569,5
198837,-1
92477,5
239,5
84959,5
6887,5
70651,5
118696,-1
95958,5
109202,5
85030,5
201991,5
85053,5
85091,-1
79512,5
79498,5
120024,-1
109163,-1
100610,-1
95653,-1
112132,5
196622,5
203494,5
71161,-1
113924,5
112458,-1
112463,5
119455,5
98731,5
88561,5
2996,5
113887,5
75868,5
93756,-1
71193,-1
87764,5
112591,-1
197252,5
197249,5
2500,-1
8174,5
206412,5
98960,5
77207,2
119507,5
99165,5
77199,5
99059,5
87518,5
99035,5
91902,-1
2481,-1
8156,5
77128,-1
112283,5
88699,5
8133,5
77081,5
92143,-1
71423,-1
88692,5
76805,5
98640,5
112633,2
88100,5
76483,-1
113056,5
88294,5
113177,5
203731,-1
196993,5
88302,5
98311,5
113321,1
98146,5
76276,5
203830,5
88239,-1
91995,5
98237,5
88051,5
98370,-1
197240,5
8326,-1
8262,5
113716,5
97924,5
88427,5
197194,5
203652,-1
203888,5
112870,5
196768,5
88336,5
88374,5
88021,-1
98043,-1
76588,5
98047,5
88340,-1
113020,-1
114034,-1
75702,5
119745,-1
197417,5
91827,5
196207,5
97073,5
10811,5
91833,5
2269,5
92298,5
100129,5
75220,5
100097,5
119628,-1
77766,5
71037,-1
75251,-1
204265,5
3451,5
75125,5
97058,5
206549,5
96959,5
9183,5
198011,5
10793,-1
78116,5
193830,5
78105,5
93512,-1
78071,5
111048,5
7697,5
114931,5
97047,5
118934,5
206184,5
202783,-1
196184,5
100412,5
86529,5
2309,-1
118984,5
86808,5
119127,5
92227,-1
111795,-1
416,5
77430,5
203176,5
114196,5
88829,-1
99425,-1
203225,-1
87101,5
87288,5
114149,-1
71109,5
88764,-1
114092,5
203278,5
196549,5
87387,5
87145,5
99972,5
204216,-1
206207,5
114589,5
77641,5
94003,5
89024,-1
203031,5
99870,-1
3377,-1
196412,5
111740,-1
193888,5
99785,5
75467,5
7909,5
10858,5
3328,5
88891,-1
87047,-1
108429,-1
119306,5
5107,5
90672,5
82601,-1
4990,5
81944,-1
84027,-1
5373,-1
200791,5
5200,-1
201371,5
83983,-1
10241,5
71956,-1
83964,-1
83015,-1
94670,5
103696,-1
195134,5
81558,-1
9992,5
83951,5
199482,-1
83940,5
103729,-1
83535,5
72293,-1
81958,-1
83499,3
84104,-1
200329,5
201445,-1
118376,5
4685,5
10158,5
205327,-1
117569,5
195157,5
117573,5
93070,5
94314,-1
194463,5
84091,5
117330,5
81520,5
106020,5
84066,-1
117329,5
70463,5
80665,-1
118122,-1
103578,5
94870,5
93120,5
1010,5
120492,-1
91498,5
91147,5
104091,-1
201183,-1
94783,5
193494,5
73074,-1
10541,5
94362,5
92702,5
107259,5
106565,-1
6224,-1
70411,-1
104004,5
104966,5
195060,5
94833,5
120341,5
117241,5
200713,5
6175,5
94806,5
104055,5
90818,-1
72592,5
6277,5
194698,5
81899,5
91284,5
103748,5
72824,5
117278,-1
199501,-1
117632,5
82680,5
10008,-1
91238,5
11424,5
11425,5
73029,5
1328,5
117809,5
82815,5
91484,5
10040,5
5782,-1
81756,5
92695,5
81751,5
201205,-1
92951,5
199997,5
73361,-1
81331,5
120188,5
201530,5
82385,5
82159,5
83146,5
205263,5
82154,5
72175,5
105882,-1
80378,5
1441,-1
201524,5
71916,-1
195263,5
117393,-1
200378,-1
106791,5
199310,-1
104685,5
104526,-1
82182,-1
105808,5
84329,-1
106788,5
200452,5
120664,-1
206993,5
83314,-1
80349,5
117481,-1
105640,5
81266,5
82342,-1
116856,5
72814,5
1196,5
90441,-1
90971,5
105795,5
6493,5
199270,5
116808,5
84316,5
95023,5
94565,5
116930,5
201000,-1
82311,5
73447,-1
80493,-1
81478,-1
195175,5
107943,5
84177,5
103182,5
104606,5
10218,-1
84176,-1
105494,5
90666,5
80200,5
108413,5
106693,-1
83436,-1
6030,5
205175,5
206768,5
81211,5
94534,5
10522,5
194910,5
106994,5
82304,-1
120607,5
95361,-1
84241,-1
72123,5
105907,5
38581,-1
65579,5
38621,5
97532,5
26965,-1
94853,5
15955,-1
97186,-1
132182,5
26711,5
131346,5
38177,-1
188251,5
88840,5
88814,5
174882,-1
196264,5
91185,-1
126470,-1
160821,5
175015,-1
188577,5
131616,5
175101,-1
188376,-1
34849,5
91116,-1
131549,-1
131606,5
8958,5
34938,5
38407,5
126380,5
88806,-1
8913,-1
38267,-1
89010,5
38361,-1
172706,5
38280,5
28746,-1
131922,5
194882,-1
97450,5
174925,5
132131,5
172620,5
114202,5
114209,5
97517,5
34781,-1
160829,5
114240,5
132065,5
165334,-1
126213,-1
175035,5
205632,-1
34823,-1
34963,-1
75521,-1
61131,5
72719,5
131827,-1
132281,-1
175632,-1
34254,5
39320,-1
133389,-1
16388,-1
165959,5
113664,-1
26350,5
172354,5
16372,5
39258,5
8619,5
165929,-1
133319,5
133473,5
60139,5
175620,5
8631,-1
187762,5
113732,5
2627,5
75910,-1
60296,5
187817,5
203934,5
91360,5
97896,5
75904,5
29065,5
72198,5
117645,5
133812,5
39581,5
59577,-1
133949,5
133947,5
39547,5
98167,5
98153,5
8521,5
66454,5
175772,5
159768,5
39436,5
159939,5
159782,5
133696,5
125324,-1
133670,5
187612,5
16467,5
175725,5
175719,5
76078,5
125325,5
13299,-1
16424,5
160177,-1
175522,5
165863,-1
132422,5
172472,5
165600,5
94766,5
88700,5
88706,5
132457,5
205725,5
1060,5
132446,5
60771,-1
114018,5
16077,-1
132429,5
8771,5
66278,5
117734,-1
205719,5
1072,5
94789,5
175270,5
175268,-1
165426,5
38706,5
10278,5
196525,5
60926,-1
114138,5
72463,5
38803,5
188073,5
188061,5
66274,5
88506,5
29007,-1
60378,-1
94627,5
60428,5
160263,5
2575,5
165813,5
187922,-1
28991,5
160301,5
196634,5
165755,5
113902,5
8718,5
125653,5
205772,5
160365,-1
8724,5
38901,5
72383,5
204046,5
88653,-1
72425,5
194644,5
132529,-1
126629,5
205620,5
63525,-1
116142,5
173934,5
14144,5
1375,-1
1751,5
64783,-1
9633,5
163122,-1
14784,-1
14786,-1
163108,5
36710,5
129023,-1
163161,-1
117031,5
90128,-1
1726,5
128726,-1
127473,5
164276,5
1717,-1
189628,5
163369,-1
173242,5
90075,5
195522,5
64738,5
189576,5
90053,5
195620,5
63422,-1
164362,5
173151,5
64877,5
63262,5
36848,-1
174046,5
173159,5
28434,5
115900,5
35642,5
14915,5
36889,5
63202,-1
173145,5
89915,5
195101,-1
96128,5
63277,-1
204882,-1
36825,5
162967,-1
36802,-1
195632,-1
1782,-1
14840,5
129101,-1
35591,5
204925,5
35598,5
187498,5
127288,-1
95233,5
163459,5
36412,5
38102,5
190096,5
173437,5
1576,5
64199,5
95510,5
163825,5
14428,5
73595,-1
95557,5
64169,-1
73607,5
128182,5
95764,5
163800,5
73652,-1
128140,5
36107,5
36402,5
128065,-1
116781,5
128017,5
163878,5
189972,5
36037,-1
95619,5
116672,5
173455,-1
195270,5
195268,-1
95729,-1
90330,5
64232,-1
35978,5
90522,-1
28067,5
173624,5
36363,-1
36324,5
90178,5
35806,-1
173726,5
27928,-1
205015,-1
164021,5
164126,5
90601,5
116945,-1
127554,-1
163559,-1
164256,-1
205270,5
205035,5
36292,5
205268,-1
36263,5
63974,-1
128377,5
63998,5
95373,5
128370,5
116430,-1
90265,5
163756,5
205101,-1
14247,-1
128279,5
35496,5
89910,-1
10019,-1
96820,5
196064,5
96797,5
188864,5
74860,-1
161888,5
13841,5
35191,5
15377,-1
161827,-1
35136,-1
126646,-1
116770,5
161822,-1
27178,-1
161943,5
65339,-1
127155,5
35244,5
126792,-1
1250,5
164805,5
65279,5
9263,5
35245,-1
126741,5
27273,-1
115260,5
164814,5
35226,5
161979,5
62294,5
62139,-1
27173,5
161792,5
37971,5
95017,5
65431,5
165020,5
161524,-1
188783,-1
9063,5
35005,4
194925,5
204341,-1
131191,5
204319,-1
131078,5
28661,5
188718,-1
65420,5
161599,5
188727,5
74992,5
174644,5
89335,5
196142,5
188752,5
9141,5
10160,5
74966,-1
205522,5
37838,5
74952,5
62406,5
195015,-1
37527,5
35396,5
162670,3
28506,5
195772,5
115713,5
115691,5
35413,5
95119,5
162503,-1
117226,5
15081,5
27508,5
13955,5
162533,5
65159,5
129650,-1
36987,-1
74280,5
129531,5
63085,5
195725,5
13999,-1
95133,5
1863,5
89870,5
173089,5
36944,-1
36936,-1
195719,5
162810,5
90770,-1
9524,5
115662,5
115364,5
35284,5
195035,5
37413,-1
62572,5
62570,5
115471,5
89573,5
62489,-1
115612,-1
130282,5
65220,5
195959,5
62454,-1
15289,-1
74552,5
74549,5
195914,-1
37377,5
115551,5
174341,-1
27412,5
13926,-1
95098,-1
162329,-1
174319,-1
204644,5
73040,5
90863,5
15138,-1
190507,5
89730,5
96095,5
39578,-1
88207,5
143684,5
183726,5
201610,5
84386,5
103177,5
179576,5
52279,-1
108258,5
19847,5
143827,5
179628,5
45158,5
23143,5
103224,5
23133,5
152846,5
183624,5
143809,-1
153124,5
103077,5
108456,5
52515,5
52748,5
153371,-1
153364,5
108561,5
108552,5
108548,5
44840,5
143164,5
201680,5
143214,5
44912,5
84455,-1
80067,-1
143250,5
143251,5
6623,5
19720,-1
19903,5
108638,5
51626,-1
144302,5
80598,5
51684,-1
80609,5
152370,5
45648,5
144376,5
84090,5
84071,-1
45243,5
51522,5
152278,-1
152277,-1
103615,5
144570,5
80689,5
183242,5
179972,5
51747,5
4679,5
45549,-1
84165,5
4609,5
84288,5
19939,5
108114,-1
6454,-1
45308,-1
80436,5
152716,5
144055,5
6436,5
152684,5
84236,5
183455,-1
80482,5
183437,5
80538,5
153431,5
153459,5
103706,5
142133,-1
44003,5
178864,5
202050,-1
198718,-1
53577,5
102202,-1
198727,5
154166,5
184341,-1
19303,5
198752,5
184319,-1
6933,5
102278,-1
44159,-1
202001,-1
79546,-1
198783,-1
79434,5
109296,5
102158,5
109341,-1
202134,5
109627,-1
178718,-1
178727,5
43837,5
85300,5
154415,-1
7045,5
178752,5
23852,5
178783,-1
202087,-1
53805,5
53790,-1
141783,-1
43951,-1
141824,-1
44223,5
4279,-1
102894,-1
84676,5
84781,5
142754,-1
153677,-1
84756,5
102691,-1
153594,5
84726,-1
84660,5
19317,5
79905,5
84657,5
6725,5
153517,5
23413,5
108693,5
84619,5
183934,5
184046,5
102630,5
53063,5
79786,5
109041,5
142478,5
108958,5
79704,5
198864,5
153849,-1
153839,5
79725,4
108898,5
142590,5
44395,-1
53140,5
79770,5
84840,5
4343,-1
108848,5
201344,-1
103733,5
88203,5
200096,5
47253,5
22075,-1
150355,5
150246,-1
81693,5
82854,5
106426,-1
49384,5
81820,5
47412,5
182134,5
105024,-1
147749,5
147784,-1
105058,-1
182087,-1
21014,5
49564,-1
49609,5
20993,-1
146824,5
106692,-1
106666,5
106638,5
146920,-1
182354,5
81547,-1
49741,5
199972,5
150540,5
49695,5
47104,-1
106570,5
104886,5
47187,5
106326,5
149966,5
150781,5
105612,5
106006,5
82437,5
5619,5
5471,5
148614,5
82115,5
82126,5
48625,5
200507,5
182050,-1
149267,5
48188,5
181680,5
105688,-1
105657,5
48375,-1
48281,-1
21538,-1
106016,-1
47887,5
82024,5
181344,-1
148003,-1
5353,5
148044,5
105234,5
148096,-1
182001,-1
149811,5
81921,5
21850,-1
82637,5
5705,5
149777,5
82588,5
47773,5
181280,-1
106077,-1
49936,5
46905,5
201280,-1
104052,5
50979,-1
145352,5
151701,-1
145393,5
20421,-1
46204,5
107350,5
199628,5
20451,5
46289,5
6158,5
6150,5
83593,5
104121,5
6144,5
22556,-1
20501,5
83740,5
199576,5
51052,5
151856,-1
83905,5
22793,-1
83872,5
183159,5
51255,-1
183151,5
51235,5
180096,5
183145,5
103789,-1
80838,-1
45968,5
103854,5
6241,5
183089,5
151874,-1
20355,-1
151569,-1
22552,5
49994,5
50139,5
104445,-1
151088,-1
5086,-1
50167,-1
81338,5
146507,5
50668,5
146521,-1
50115,5
46731,5
182472,5
81375,5
46783,5
5133,5
50027,5
106951,5
83336,5
182620,5
83361,5
20524,-1
83516,5
151498,5
81073,5
81115,-1
5000,-1
145943,5
182706,5
145955,5
145964,-1
22489,5
146001,5
6088,5
104253,-1
151416,5
180507,5
5049,-1
23927,5
23930,5
109659,-1
203242,5
25528,5
186634,5
197423,5
191280,-1
99272,-1
57678,5
77257,-1
8034,5
157878,5
40873,-1
112001,5
57560,5
40914,5
8014,-1
57524,-1
186525,5
197498,5
17272,-1
77206,-1
99191,5
57798,5
58233,5
203437,5
77052,-1
158512,5
87630,-1
58177,-1
197356,-1
176525,5
77113,5
3095,5
8100,-1
158316,5
158275,5
176634,5
17254,-1
87419,5
136846,6
99451,5
197325,5
137616,5
41356,-1
25187,5
41400,-1
56923,-1
77634,5
86924,5
56852,-1
157864,-1
86913,-1
186142,5
177174,5
137783,5
157324,5
77676,5
56809,5
7881,-1
137551,5
197612,5
186264,5
99497,5
111860,-1
157823,-1
17441,-1
137013,-1
203159,5
203151,5
203145,5
111784,-1
87142,5
157696,5
7924,5
17538,5
41240,5
203089,5
137454,-1
203455,-1
87694,5
54006,5
159189,5
113131,5
187325,5
176064,5
134625,-1
187285,5
159209,5
59065,-1
16762,5
134727,5
197174,5
76566,-1
76593,5
112912,-1
16802,5
39970,5
88013,5
16817,5
176142,5
39860,-1
59172,-1
113158,5
203726,5
76226,5
98220,-1
134151,5
134172,5
113342,-1
134178,5
175914,-1
39680,-1
187423,5
26111,5
134296,5
175959,5
16647,5
159364,-1
39794,5
39817,-1
187356,-1
134841,-1
112859,-1
98815,5
112529,5
2971,5
40273,5
58421,-1
87762,5
135541,5
58410,5
87761,5
58399,5
58359,5
159075,-1
158696,-1
197285,5
76914,5
112476,5
158644,-1
58294,5
58293,5
135685,-1
25813,5
40202,5
158882,5
135373,-1
134904,-1
16852,5
187174,5
87935,-1
58749,5
76707,5
98491,5
135045,-1
112688,-1
58691,-1
40143,5
203624,5
176264,5
8269,5
8267,-1
76764,5
17739,5
157198,5
198251,5
202472,5
78600,5
101211,5
155510,5
140487,5
155476,5
54828,-1
43098,5
78683,5
178251,5
185101,-1
43144,-1
101358,5
140627,5
140265,5
140246,5
155759,5
55104,5
42708,5
155870,5
78376,5
155867,5
139910,-1
155834,5
55280,5
78418,5
140024,5
24451,5
86020,5
185270,5
185268,-1
155798,5
178061,5
178073,5
7340,-1
18649,-1
86799,-1
54145,-1
85513,5
54222,5
43575,5
54197,5
141322,5
178577,5
54162,5
24013,-1
7318,-1
184644,5
141437,5
18951,-1
141464,-1
198577,5
109705,5
109703,5
141524,-1
154940,5
154946,5
110045,5
85604,-1
101416,5
110187,5
185035,5
140784,5
78760,5
110155,5
185015,-1
110120,5
140859,5
198376,-1
155168,5
202354,5
178376,-1
184925,5
184882,-1
155028,5
42681,5
55423,-1
139766,5
156774,5
197817,5
77937,-1
77939,5
100330,-1
17926,-1
17932,5
177423,5
138762,5
177922,-1
185772,5
138809,5
177498,5
78034,5
197922,-1
56086,-1
111046,-1
138555,-1
185914,-1
86654,-1
3506,5
41607,5
186064,5
138123,5
177285,5
138133,5
138203,5
100108,-1
138235,-1
157040,5
177325,5
197762,5
157020,-1
56451,5
156983,-1
177356,-1
156932,5
185959,5
185725,5
86466,5
185719,5
185522,5
110786,-1
198061,5
42449,-1
100704,5
156186,5
100708,5
177762,5
100710,5
24615,-1
198073,5
156089,-1
139530,5
177817,5
202620,5
86238,5
155982,5
100703,5
86304,5
138910,-1
7643,5
138967,5
156556,-1
177612,5
86423,-1
202706,5
110935,5
18126,5
185632,-1
139184,5
156452,5
78160,5
185620,5
42285,-1
55761,5
18183,-1
139269,-1
181610,5
168718,-1
92130,5
69564,5
29634,5
11814,4
13062,5
120266,5
167612,5
121427,5
168251,5
193934,5
123193,-1
31090,5
91873,5
194319,-1
91866,5
193089,5
121367,5
171680,5
69549,-1
10641,-1
284,5
166783,5
167762,5
33628,5
497,5
192706,5
92102,-1
169628,5
10548,5
92407,5
171610,5
123750,-1
206634,5
192001,-1
122271,5
11830,5
119132,5
171344,-1
66931,5
121346,-1
31889,5
67554,-1
167423,5
120402,5
72002,5
66797,5
193145,5
122430,5
119887,5
169972,5
168864,5
11054,-1
92359,5
121182,5
68767,5
67470,5
193151,5
168376,-1
193159,5
33036,5
91828,-1
94473,5
123065,5
12447,5
69652,-1
92716,5
71510,-1
92718,-1
193726,5
94016,5
71920,-1
120369,-1
12149,5
167498,5
33011,-1
121255,5
123990,-1
93717,5
192620,5
192354,5
70730,5
92433,-1
93474,-1
120087,5
123399,5
172134,5
10922,5
122085,5
121840,5
205959,5
12558,5
12611,5
123508,5
125116,-1
166301,5
168061,5
66983,5
168073,5
120097,5
72053,5
31461,5
91518,-1
92038,5
167922,-1
122084,5
124668,5
816,5
194046,5
192134,5
11307,5
122015,5
32658,5
91989,-1
31593,5
206064,5
93333,5
93330,5
68024,5
125076,-1
92490,5
71325,-1
30261,5
118582,5
123566,-1
611,5
206264,5
118607,5
122194,5
32748,5
29701,5
94415,5
72086,5
33630,5
93794,5
11894,5
123660,5
169576,5
93390,-1
121556,-1
118340,5
93183,5
192050,-1
93396,5
167817,5
122160,-1
69026,5
173,5
12631,-1
69334,-1
192472,5
192087,-1
193624,5
10572,-1
92049,5
29716,-1
122139,5
118565,-1
12528,-1
172001,-1
123329,5
10555,5
32497,5
194341,-1
191610,5
93032,5
171280,-1
67364,5
91581,5
120827,5
120826,5
170096,5
93486,-1
124383,5
170507,5
205914,-1
30621,5
168752,5
119792,5
121044,-1
124433,-1
167285,5
120448,5
91574,5
92226,5
92937,5
206525,5
206142,5
119803,-1
33237,5
119711,5
71708,5
120541,-1
33280,5
31979,-1
29967,5
193242,5
71062,5
167174,5
168727,5
122739,5
193437,5
166147,5
119760,5
166590,5
12371,5
172087,-1
122923,5
30603,5
92966,5
172050,-1
68377,5
123016,5
191680,5
193455,-1
11066,-1
921,-1
355,-1
69812,-1
12396,5
167325,5
71647,-1
94186,5
761,5
67171,5
69810,-1
167356,-1
168577,5
30658,-1
118762,5
30904,-1
324,5
166911,5
191344,-1
422,5
118877,5
70102,5
168783,-1
166881,5
58827,5
86944,5
58821,5
168468,5
59303,5
186166,-1
112833,5
16866,-1
2898,5
87973,5
111584,5
41439,5
122917,5
137782,-1
2905,5
11087,-1
16882,-1
122932,5
17865,-1
25853,-1
187409,5
99818,5
168025,5
196986,5
135169,-1
41328,5
86978,5
203626,5
157428,-1
159420,5
157394,5
76745,5
175965,-1
134354,5
17640,5
87919,5
135023,-1
41831,5
17644,5
185965,-1
135021,5
41401,5
176166,-1
93594,5
192432,5
203722,-1
99976,5
186092,5
197705,5
176092,5
134648,5
25016,5
137935,5
59130,5
137967,-1
203721,5
76435,5
98376,5
76429,5
93842,5
56639,-1
157148,5
134509,-1
41676,5
3473,-1
197753,5
59028,5
111481,5
134840,2
88012,5
137795,5
41478,-1
2867,5
100189,5
138347,5
26068,5
157017,5
58939,-1
138293,-1
3486,5
159154,5
157473,5
111534,5
206339,5
25125,-1
137876,5
10970,-1
59010,5
168484,5
88037,-1
76540,-1
119551,5
71072,5
206374,5
40450,5
157833,5
3152,5
123007,5
157791,5
158206,5
176604,5
11034,5
197409,5
87175,5
136203,5
136008,5
123115,-1
196976,5
87597,-1
98921,5
157744,5
408,5
203139,-1
40508,5
176942,5
17142,5
186791,5
186386,5
92141,-1
135793,-1
87653,5
171300,5
123076,5
99193,5
40782,5
12410,-1
77359,-1
57513,-1
123046,5
99356,5
25454,5
176791,5
40960,5
99333,-1
136648,5
427,5
25467,-1
25414,-1
192367,-1
40972,-1
168347,5
203245,5
57655,5
17321,5
158020,5
112079,5
186604,5
25499,5
3187,5
57702,5
197428,5
57720,5
194476,5
87212,5
186374,5
25699,5
57023,-1
123162,-1
58412,5
17537,5
122981,5
157546,5
135532,5
186976,5
176339,5
203099,5
186986,5
17547,-1
76832,5
71205,-1
99754,5
58460,-1
8009,-1
25785,5
41250,5
98643,5
206386,5
32452,5
157538,5
32457,-1
137423,5
99781,5
135299,5
25840,5
68115,5
157499,-1
25237,-1
171215,5
25759,5
158700,5
135659,5
98831,5
87690,5
98825,5
87096,5
176976,5
58266,-1
171319,5
68376,5
158622,5
41176,5
87708,5
137258,5
176386,5
135654,5
186942,5
76902,5
87068,5
137289,5
87743,5
176374,5
186339,5
135626,-1
25295,-1
17045,5
123209,-1
176986,5
93752,-1
7930,5
2781,5
75988,5
113311,5
174364,5
27294,2
174476,5
162019,-1
2094,-1
62325,5
96723,5
91782,-1
37642,5
204476,5
130505,5
704,5
37682,5
174543,5
89402,-1
37737,5
27213,5
27296,5
15327,5
174440,5
89547,5
115504,5
37394,-1
189095,-1
9338,5
162206,5
115467,5
74598,-1
37483,5
204543,5
115394,5
195965,-1
91772,5
96636,5
37525,-1
62428,5
15432,-1
188845,5
27067,5
37931,5
204364,5
114910,5
71591,-1
75070,5
9091,5
97057,5
131104,5
89275,5
167428,5
114841,5
124027,5
131189,-1
38052,-1
114816,5
114797,5
2200,5
196166,-1
196092,5
130742,5
67449,5
188823,5
62143,5
161801,5
204440,5
9165,-1
206166,-1
161763,5
167409,5
33119,5
89336,5
27140,-1
130872,5
71608,5
33106,5
89611,5
12866,-1
97149,-1
15197,-1
96157,5
36854,5
1822,5
115911,5
124415,5
174067,5
33400,5
36910,5
96192,-1
1844,5
115818,5
36932,5
189328,5
63110,5
195723,5
752,5
166998,5
115945,5
116063,-1
116098,5
36672,5
194288,5
204931,5
36702,5
9603,5
116078,5
116052,-1
63280,5
89981,-1
124480,5
129161,-1
115986,5
36821,5
63307,5
33364,-1
36966,-1
115797,5
37297,5
189201,5
174288,5
194249,5
27452,-1
9385,5
89709,5
174249,5
89643,5
74474,-1
195880,5
115565,-1
9373,5
162267,5
130071,-1
27484,5
162484,5
96263,5
15032,5
63029,5
129599,5
129609,5
37034,5
74297,5
62975,-1
162679,5
37043,-1
27499,5
129702,5
37063,-1
62910,5
27519,5
33310,5
124347,5
195833,5
131260,5
188633,5
187428,5
160366,-1
160135,-1
160130,5
160123,5
187789,5
88443,5
133198,-1
97923,5
133234,-1
133276,5
171558,5
93902,-1
187753,5
123583,5
39246,-1
60125,5
60116,5
16369,5
88463,5
75918,6
75913,-1
132914,5
8722,5
132701,-1
38985,5
171590,5
113895,5
38997,5
132867,4
75887,-1
160147,5
60376,-1
167789,5
187844,5
97900,-1
67886,-1
160152,-1
167844,5
16375,5
123574,-1
159645,5
71336,-1
59727,5
88278,5
26260,5
133836,-1
39496,5
159675,5
39569,5
88286,5
175833,5
159541,5
196942,5
175880,5
134160,5
93857,-1
134183,5
39426,5
26285,5
60021,5
16418,-1
39299,5
39304,5
194067,5
187705,5
26331,5
133504,5
12620,5
59943,5
159802,5
171514,5
196791,5
175723,5
113570,5
59829,5
39402,5
71340,5
71397,5
167753,5
94017,5
188025,5
204249,5
175010,-1
131669,5
38331,5
2327,5
161051,-1
196374,5
10846,5
161033,-1
196386,5
61292,-1
131819,-1
26827,2
191971,5
71475,-1
8879,5
188347,5
188468,5
61415,5
196339,5
161223,5
188602,-1
204288,5
131411,5
75221,5
15700,5
67602,5
174931,5
188484,5
161217,5
89060,5
161167,-1
161157,-1
8964,-1
38263,-1
131626,5
75489,5
131986,5
38515,5
132395,5
97634,5
114042,-1
160559,5
75717,-1
71436,-1
167705,5
204067,5
114072,5
196604,5
38838,-1
32818,-1
97726,5
132584,-1
88624,-1
88621,5
88727,-1
88747,5
88867,5
160757,5
15930,5
61063,5
32936,-1
38552,-1
8832,5
114189,-1
88835,5
160745,5
29652,-1
114150,-1
32895,5
88803,5
88796,5
38637,-1
38646,5
38674,5
111279,5
17414,-1
100208,5
107439,-1
22702,5
180188,5
145094,-1
83775,5
145193,-1
193099,5
151786,5
50988,5
151759,5
193139,-1
22648,5
151731,-1
83704,5
69642,-1
104035,-1
145519,5
22603,5
169868,5
51109,5
83796,5
183099,5
51132,5
103708,5
201319,5
45817,5
144774,5
201300,5
152110,5
169782,5
170628,5
93104,5
45890,5
45892,-1
183139,-1
201215,5
22736,-1
6244,5
180153,5
83630,5
151633,5
20570,5
6098,5
46398,5
169899,5
169906,5
30986,5
121215,-1
180474,-1
69747,-1
46447,5
180487,5
104289,5
146103,5
151412,5
146113,-1
46488,5
151338,5
81123,5
151463,5
20566,-1
81029,5
121291,5
151591,-1
50731,-1
6138,-1
83559,5
93074,5
50722,-1
4970,5
46331,-1
92723,5
151499,5
104202,5
107149,5
50606,-1
93071,5
83491,5
152213,5
206791,5
80698,5
45043,-1
45066,-1
52277,5
199201,5
52262,5
152948,5
108240,-1
143678,-1
152928,5
45144,5
121612,-1
108212,5
4589,5
201558,5
183626,5
143808,5
52129,5
143835,5
4557,5
201590,5
108120,5
45035,-1
11928,-1
6625,5
44924,5
103072,5
80098,5
153159,6
143281,5
4513,5
44975,5
108435,5
153131,-1
143364,1
183722,-1
183721,5
143466,-1
143471,-1
143488,5
108124,5
52032,5
22866,5
179868,5
84111,5
45655,5
144378,5
103497,5
144398,5
179899,5
121475,5
179906,5
84054,5
107708,5
144558,-1
11828,5
51482,-1
69544,5
69547,5
80690,5
183245,5
92657,5
144281,5
121539,5
144230,5
51993,5
84276,5
51979,5
144002,5
201514,5
30377,5
69497,5
103318,5
170692,-1
92642,5
199328,5
51862,5
179782,5
152552,5
107919,5
152462,5
46497,-1
69756,-1
93242,5
47650,5
49168,5
147938,5
106283,5
200628,5
30797,-1
21203,5
47646,-1
81881,5
20652,5
149849,5
149832,5
30792,-1
5366,-1
148111,-1
70202,5
181215,5
181971,5
49190,5
200188,5
82772,5
170188,5
150181,5
47380,5
147666,-1
120508,5
47421,-1
47428,5
47429,5
82831,5
193245,5
105025,5
147746,-1
82826,-1
170474,-1
150038,-1
147780,5
200153,5
47521,5
48979,-1
47749,5
48903,5
181514,5
82381,-1
48483,5
105637,5
48471,5
21484,5
181558,5
120718,-1
48432,-1
200487,5
82256,5
120671,5
148974,5
181590,5
82322,5
149036,-1
149071,5
200474,-1
148754,-1
148726,-1
181300,5
48146,5
181319,5
106022,5
11599,5
5431,5
149520,5
206976,5
149403,-1
148570,5
82092,5
48663,5
21673,5
48613,5
82393,-1
48583,-1
48144,5
206986,5
47366,-1
147591,5
82847,5
146469,5
180628,5
121143,5
151009,5
30938,5
104610,5
93027,-1
93025,-1
106812,-1
22306,5
150966,5
150949,5
146627,5
150913,5
50036,5
180692,-1
106757,-1
46847,5
81337,5
146468,5
182432,5
46559,-1
146213,-1
146220,-1
151198,5
46588,5
151156,5
22388,-1
20685,5
93044,5
151113,5
146316,5
151098,5
50249,-1
83290,5
151079,5
50235,5
199782,5
150816,5
46889,-1
170153,5
147040,-1
47094,-1
49684,5
106610,5
206942,5
120469,-1
170487,5
82913,-1
106520,5
104989,5
150258,5
147506,-1
104990,5
150226,5
82861,-1
150205,5
200692,-1
150595,5
146755,5
150599,-1
199868,5
81483,-1
104751,5
81497,-1
199899,5
83056,-1
104758,5
199906,5
81522,-1
106645,5
150671,-1
182367,-1
46990,-1
146931,5
47018,5
150642,5
92798,-1
84453,-1
143212,-1
138402,5
85964,-1
110573,5
31911,5
78453,5
86010,-1
122505,-1
18447,5
55146,5
42834,5
140226,-1
140998,5
155765,5
7439,5
140303,5
155668,5
31891,-1
24349,5
140410,5
70813,-1
70839,5
7475,5
140028,-1
140019,-1
18293,5
139596,5
177844,5
86209,5
24540,-1
119793,5
42659,5
86182,5
42683,5
100951,-1
139851,-1
42738,-1
155862,5
178025,5
68736,5
86044,5
155538,-1
155520,5
168823,5
198347,5
185010,-1
7287,5
85740,5
178347,5
202367,-1
140911,5
24181,-1
78843,5
140941,-1
184931,5
7248,5
54536,-1
43301,5
54655,5
140469,-1
168845,5
140470,5
85863,-1
24311,-1
54868,5
78651,5
110305,5
7363,5
54844,-1
101284,5
155398,5
202432,5
54758,-1
206604,5
140724,5
119934,5
139565,-1
42572,5
7542,5
138684,-1
177428,5
185833,5
56160,-1
138769,5
168633,5
42035,-1
156704,5
56099,5
156661,5
78045,5
42080,-1
56069,5
56068,-1
11146,5
185723,5
42117,5
32038,5
138696,5
24911,-1
138892,5
100365,-1
41854,-1
197789,5
138423,5
111215,5
86653,5
100271,-1
56347,5
24949,5
177409,5
30019,-1
56282,-1
168602,-1
197844,5
185880,5
138661,-1
138662,5
86557,-1
138891,5
156596,5
42557,-1
122684,5
78233,5
18222,5
139362,5
42423,-1
18235,-1
177753,5
70901,5
139397,5
3691,-1
139422,5
18251,-1
55618,-1
55596,-1
177789,5
68672,5
31959,3
42538,-1
177705,5
139240,5
100493,-1
86363,5
138918,5
42141,-1
138952,5
42169,5
78117,5
3627,5
92321,5
42215,5
18114,5
139118,5
55824,-1
198025,5
63544,-1
110872,5
86386,5
139207,5
100583,5
155103,5
24129,5
23308,5
198823,5
53313,5
30244,5
179095,-1
153971,5
142425,5
109022,5
153935,5
4299,5
84930,5
18800,5
84923,5
102503,-1
4318,5
142489,-1
44345,5
198845,5
23582,5
169201,5
184249,5
142390,-1
79604,-1
44025,5
31680,-1
70703,-1
184364,5
79463,5
109232,5
53549,5
4214,5
19227,-1
79495,5
31628,5
142271,-1
154031,-1
102359,5
184288,5
142353,5
201971,5
53157,5
142595,-1
79730,5
19575,5
102877,5
142971,5
70598,5
11954,5
44728,-1
79977,5
19619,5
108605,5
52735,5
84548,5
108580,-1
153338,-1
120121,5
199095,-1
193626,5
103031,5
153266,-1
19580,5
6720,5
153798,5
6721,-1
108881,5
179201,5
184067,5
79800,5
84770,-1
23493,-1
102675,-1
153622,5
19513,5
169328,5
142829,-1
102753,-1
52909,5
102850,-1
153527,5
179328,5
154211,5
109240,5
31682,5
18894,5
141301,5
85510,5
79076,5
101754,5
24021,-1
79108,5
178602,-1
43602,5
18953,5
101812,5
178633,5
43669,-1
18978,-1
43572,5
141266,5
85419,5
101724,5
54437,5
85596,5
43435,-1
178468,5
70758,-1
198468,5
119966,5
198484,5
178484,5
85566,-1
193722,-1
193721,5
43527,5
141245,5
141249,5
122115,-1
184476,5
141757,5
43939,5
141790,5
43948,5
178823,5
70716,5
184440,5
31712,5
178845,5
169095,-1
31702,5
23793,-1
79400,-1
79413,5
12051,5
79338,5
109427,-1
198602,-1
43905,5
12080,5
7066,5
53938,-1
141608,5
53928,-1
184543,5
198633,5
12075,-1
79292,5
30185,5
154392,-1
43874,5
102054,5
120000,5
85251,5
70719,5
81740,5
13459,-1
35058,5
13438,-1
14453,-1
90232,-1
66943,5
190474,-1
164528,-1
164525,5
173245,5
72364,5
34718,5
1483,5
34429,-1
65442,-1
163291,5
126922,5
788,5
126916,-1
189782,5
13439,5
163536,5
65880,5
90271,-1
117983,5
65905,5
116882,-1
95418,5
66157,5
35895,5
35898,5
166213,5
64466,5
63972,5
1467,5
172432,5
164692,5
163314,-1
28964,-1
194931,5
171971,5
127846,5
35868,5
164932,5
125621,-1
95534,-1
190628,5
10421,5
66255,5
28658,-1
190487,5
91229,-1
95552,5
29204,5
65675,5
91522,5
165841,5
13253,5
35332,5
35652,5
126303,5
95956,5
66704,5
66524,5
35660,5
90474,-1
72861,5
72347,0
35941,-1
28370,5
28217,-1
1632,5
165008,-1
94896,5
166193,5
29208,-1
165754,5
91656,5
126066,5
36405,5
127891,5
118374,-1
163332,5
90172,5
66631,5
117487,5
28718,5
95896,-1
35711,-1
173099,5
95320,5
205010,-1
205965,-1
90620,5
127481,5
34972,-1
117496,5
190692,-1
28303,-1
116255,5
66053,-1
194364,5
127463,-1
65589,-1
163777,5
34063,-1
127605,-1
65611,-1
28488,-1
64652,-1
35735,5
72556,5
166888,5
13718,5
117798,5
165553,5
28494,-1
165517,-1
128725,-1
843,5
190188,5
118625,-1
27846,-1
166624,5
36485,5
117191,5
1024,5
163342,5
164314,5
73082,-1
173626,5
163540,5
125998,5
117095,5
72072,5
63982,-1
36492,5
90830,5
27996,5
73072,5
36490,5
95400,-1
64063,5
94732,-1
90287,-1
164105,5
63984,5
29269,-1
126978,5
95168,-1
73798,5
91474,5
9941,5
165621,-1
14604,5
116256,5
165139,5
125815,-1
72474,-1
34536,-1
33981,5
190153,5
191558,5
34529,5
205833,5
1601,-1
35970,5
10002,5
117598,-1
36113,5
64912,5
118591,5
90721,-1
194440,5
164765,-1
118482,-1
116337,5
173721,5
127289,5
166022,5
189868,5
66615,5
166239,5
126878,5
1346,5
9975,5
94402,-1
36207,5
164833,5
191215,5
67072,-1
163618,-1
125416,5
118419,-1
191590,5
91642,5
10003,5
64039,5
10474,5
65334,5
124583,5
124969,5
29324,5
35206,-1
126810,5
36306,5
13268,5
13269,5
189906,5
34164,-1
118258,5
13286,-1
195010,-1
189899,5
9985,5
116627,-1
13272,5
64858,5
94532,5
66478,5
72695,5
28416,5
116596,-1
163167,5
95192,5
95933,5
63790,-1
36319,-1
125338,5
90115,-1
35602,-1
33903,-1
126747,5
66747,5
36633,5
71906,-1
205880,5
91141,5
65817,5
205723,5
194543,5
29039,5
127185,-1
29022,5
191319,5
164896,5
13354,-1
117233,1
124813,-1
35174,-1
34282,5
73443,5
126117,5
206092,5
94594,5
126662,5
173139,-1
35996,-1
28176,5
73782,5
125534,-1
14725,5
128552,-1
117236,-1
172367,-1
126654,5
27983,5
66308,-1
191514,5
28622,5
165407,-1
9790,5
73444,5
173722,-1
36452,5
33688,0
28651,-1
90933,-1
13675,5
94432,4
166134,5
95107,5
127979,5
191300,5
10467,5
127179,5
127322,-1
94593,5
116328,5
126147,5
156985,5
192486,5
77975,-1
110946,5
138958,-1
86721,5
64882,-1
24783,5
206531,5
77821,5
138700,5
7795,5
139066,5
3624,5
197888,-1
41970,-1
41710,5
86422,-1
30025,5
110970,5
117079,5
122744,-1
93511,5
100358,5
66861,5
73175,5
202702,5
56575,5
156597,5
185973,-1
30017,3
3510,5
185928,5
77905,-1
124810,5
1335,-1
12283,5
156714,-1
197827,-1
156772,-1
7734,5
138500,-1
156684,5
32073,5
185908,5
138804,-1
35556,5
3579,-1
42005,5
86670,5
95181,5
41990,-1
90758,5
156977,-1
7641,5
77971,-1
119725,5
119673,-1
127173,5
7716,-1
164464,5
71963,5
177572,5
127159,-1
41926,-1
177387,5
100306,-1
71973,-1
93526,-1
42253,5
156460,5
140415,5
140376,5
24359,5
18519,5
35302,-1
33881,-1
140403,5
101206,5
85889,5
190511,5
168714,-1
70811,-1
24335,5
155514,-1
54911,5
140480,-1
78626,-1
3864,5
24299,-1
42927,5
155647,5
198247,-1
3826,5
70829,-1
178070,-1
155771,-1
65163,5
202486,5
7442,5
31906,-1
124855,5
42867,5
198229,5
85939,-1
140330,-1
54853,5
28560,-1
54851,-1
119931,5
205468,5
101430,-1
93443,-1
164785,5
178336,-1
126800,5
7297,5
110142,-1
202368,-1
166431,5
78795,-1
43239,-1
43249,5
184990,5
140874,5
94370,5
18709,5
198336,-1
117257,5
140545,5
110204,5
78660,5
178229,5
70809,5
178247,-1
68827,5
119918,5
202423,5
85823,-1
202415,5
110230,5
95078,5
140637,5
202408,5
110216,-1
43181,5
155278,-1
31879,5
71990,5
55160,-1
110542,-1
24678,5
168741,-1
177725,5
18207,-1
156307,5
42403,5
185512,-1
126995,-1
192535,5
122655,-1
156119,-1
24614,-1
42523,5
117182,5
55614,-1
198070,-1
55594,5
24605,-1
42351,5
177721,5
78286,-1
73117,5
139177,5
139178,5
86401,5
100557,5
127048,-1
116153,5
185608,-1
156436,-1
86369,5
55773,5
100599,5
117139,-1
78199,5
185562,5
95144,5
10058,5
78288,5
110552,-1
42717,-1
86106,-1
100963,1
122538,-1
55315,5
202535,5
139939,5
155833,5
68729,5
78409,5
86039,5
185282,5
119844,5
18431,5
140094,5
110558,5
13950,-1
155897,5
35357,5
185468,5
68719,-1
100767,5
177827,-1
78298,5
42598,5
86243,-1
100792,5
41647,-1
117208,-1
177888,-1
18325,5
18328,5
68697,5
168760,5
164439,-1
32208,-1
138131,5
159153,-1
159144,-1
176141,5
39990,-1
134836,5
203675,5
203673,5
187192,-1
203671,5
87980,-1
12523,5
159064,-1
16857,5
10976,5
2896,5
176203,-1
9879,-1
116816,5
134960,5
16875,-1
95567,5
134781,5
134773,5
76488,5
88053,5
25998,-1
168070,-1
206332,-1
59063,5
98372,5
88032,5
76565,5
59007,-1
35986,-1
2855,-1
176109,-1
159175,5
159166,-1
159164,5
123352,-1
134772,5
87939,5
197192,-1
68460,-1
98637,5
203569,5
40259,5
116841,5
176332,-1
29309,5
35922,5
58425,-1
168229,5
158731,5
76871,5
186944,5
112522,5
98781,5
25737,-1
71165,5
40352,5
168247,-1
186880,-1
123241,5
25804,5
58764,5
158847,5
68093,-1
159014,5
159001,5
32486,5
10980,5
135048,-1
123307,5
8281,5
68103,-1
58632,5
14289,5
135242,5
40172,5
58594,5
123276,5
93781,5
93777,-1
76769,5
58519,5
134658,5
76469,5
59111,2
16495,-1
36063,5
196880,-1
187572,5
76174,5
71316,5
39485,5
88250,-1
36056,5
8511,-1
39530,5
571,5
2728,-1
39566,-1
48301,5
98195,5
159590,-1
159578,5
98203,5
123486,-1
133833,5
39430,-1
203717,5
119242,-1
203882,-1
196779,5
32706,5
167888,-1
189897,5
196782,5
33643,5
159930,5
88314,5
39369,5
12615,3
59869,5
26299,5
26296,-1
8561,5
196812,5
128087,5
133644,5
128082,5
91619,5
134148,5
95667,5
134351,-1
195282,5
134358,5
68022,5
36015,-1
166671,5
14340,-1
66954,-1
16695,5
113162,-1
134503,5
59196,5
88081,5
123385,5
134583,-1
64351,-1
191585,5
59122,5
187387,5
175973,-1
98322,5
39693,5
159540,5
196944,5
67999,-1
95654,-1
175908,5
32639,5
8467,5
172023,-1
88146,-1
175928,5
134238,-1
16621,5
71266,5
159454,5
90384,5
26107,5
68200,5
73351,5
98795,5
186332,-1
7926,5
85708,5
25271,-1
41251,-1
111694,5
111684,5
137452,5
17572,5
7906,5
57054,-1
92228,-1
25244,5
64784,5
192415,5
137610,5
56955,5
186203,-1
25189,5
35656,5
173241,5
157790,-1
41199,-1
77455,-1
9943,5
111790,5
68369,5
124758,5
197572,5
41126,5
176944,5
192408,5
826,-1
190255,5
41143,5
25317,-1
87095,5
137256,5
73264,-1
87084,-1
57206,5
56933,5
122949,5
127341,-1
95234,-1
186109,-1
41504,5
86858,5
86856,5
32169,-1
99981,5
197721,5
206518,5
33754,5
157182,5
197725,5
206523,-1
77734,5
86782,-1
157147,5
122885,-1
77705,5
177192,-1
157271,-1
90712,5
41409,4
137676,-1
192423,5
32190,5
137759,5
95232,-1
193882,-1
41441,5
386,5
77694,5
186141,5
122904,-1
93605,-1
99895,-1
117056,-1
7850,5
111537,-1
68430,5
99561,5
176880,-1
127740,5
176531,5
135949,5
135984,-1
197387,5
158396,5
135991,-1
158359,-1
136039,5
158343,5
136052,-1
158333,-1
32360,5
99022,2
12434,-1
205282,5
112175,5
158248,5
3150,5
64602,5
17182,-1
186750,5
7989,5
176523,-1
192292,-1
112395,-1
98830,5
40419,1
40421,5
186812,5
87670,5
77029,5
87656,5
25678,5
112311,5
190151,5
123152,-1
25655,5
186782,5
186779,5
186773,-1
176518,5
136371,5
40735,-1
190180,5
57765,5
176750,5
176773,-1
32283,-1
190203,5
176779,5
40929,5
17373,-1
186531,5
92178,-1
90659,-1
186523,-1
176782,5
186518,5
87246,-1
127475,5
176812,5
168409,5
17417,-1
3254,5
192368,-1
17350,-1
173298,5
57675,5
99204,-1
203298,5
40772,5
168336,-1
136483,5
112111,5
3179,5
25498,5
17344,5
40854,-1
3202,5
25477,5
203241,5
136612,5
157972,5
57620,-1
1408,5
85720,5
79115,5
12137,5
182702,5
81074,5
46347,-1
104205,5
145854,-1
169897,5
104215,5
94740,-1
117858,-1
151459,5
104227,5
85696,5
107090,5
83472,-1
20599,5
22475,5
206880,-1
5022,-1
199729,-1
22442,5
146143,5
170580,-1
172486,5
34578,-1
22593,-1
205928,5
4942,-1
104089,5
199635,5
69665,5
81020,5
69673,-1
50738,5
34598,5
107240,-1
94760,5
69690,5
145736,5
50688,-1
94755,-1
83530,5
180511,5
165668,5
83411,5
83263,5
20742,-1
146462,-1
93029,-1
180625,5
20756,5
94685,5
182486,5
118011,5
81354,-1
72386,5
125704,5
120425,-1
172423,5
92773,5
81405,5
172415,5
200865,5
92784,5
20821,-1
50175,5
146415,5
104363,5
182535,5
200957,5
106961,5
34468,-1
151161,5
81256,5
146277,5
83323,5
194642,5
146290,-1
180580,-1
104452,-1
93035,-1
106906,5
20706,5
146366,-1
50234,5
146397,-1
50831,-1
145536,-1
169856,-1
165457,-1
20190,-1
183241,5
152221,5
121455,5
107641,5
51391,5
45768,5
120263,-1
6297,5
45773,5
169729,-1
144729,5
80756,-1
20224,5
66567,-1
83941,5
65937,5
194735,5
22815,5
107659,5
1069,-1
144831,5
4731,5
69520,5
51718,-1
93165,5
179856,-1
107827,1
144325,5
80602,5
69523,-1
165409,5
80615,5
194443,5
144417,5
22908,5
179897,5
144482,-1
80649,5
183298,5
152283,5
117741,5
121437,-1
190957,5
180180,5
103906,-1
65985,5
180203,5
180255,5
66002,5
151738,-1
20391,5
151737,5
4898,5
20400,-1
50918,5
83701,5
145392,-1
199609,5
125917,5
151672,5
20423,5
107363,-1
80973,5
4868,5
121385,5
172535,5
80885,-1
194717,-1
144876,-1
51237,5
206812,5
170625,5
144905,5
83867,5
11793,-1
120295,5
151968,-1
144984,5
103857,5
180151,5
145010,5
6240,5
22729,-1
151936,-1
46021,5
199543,5
146687,5
104706,5
20833,5
34213,-1
170255,5
82587,5
13324,5
148280,5
149751,5
106107,5
181943,-1
48905,-1
5407,5
21294,5
148312,5
5414,5
149644,5
148325,5
106052,5
72208,5
82525,-1
5422,5
181899,5
193298,5
81951,5
148381,5
200580,-1
120886,5
82676,-1
182023,-1
106221,5
149846,5
49056,5
170203,5
118196,5
5367,-1
94560,-1
11612,-1
120841,5
200255,5
5701,5
21250,-1
47718,5
81939,5
148169,5
11597,-1
106018,5
120904,-1
48147,5
148746,5
34170,-1
21454,-1
48551,-1
181732,5
148767,5
149237,5
148911,5
105641,5
181585,5
148947,5
181677,5
82294,-1
48390,-1
21579,5
5534,5
205908,5
48267,-1
21446,1
148673,5
120603,5
82039,5
148447,-1
181869,5
82065,5
21369,5
148546,5
172292,-1
82429,5
21691,-1
48665,-1
148619,5
48093,5
105611,5
200511,5
5485,5
82402,-1
125286,5
200203,5
105198,-1
46871,5
150735,-1
49880,5
182368,-1
150670,5
81540,5
170511,5
150659,5
81542,5
22169,5
93015,5
121010,5
94625,-1
146996,5
104856,5
180827,5
165850,5
47097,5
182292,-1
120458,5
30868,5
199897,5
22210,5
150436,-1
20880,5
200827,5
83083,5
66210,-1
91310,5
150793,-1
199856,-1
106712,5
146726,5
182423,5
46901,5
46921,5
146756,5
172408,5
182415,5
104728,5
121077,5
182408,5
146819,-1
92787,5
180865,5
94603,5
200625,5
150132,-1
105021,5
30836,-1
49322,5
5291,-1
170180,5
49283,5
92977,5
30814,5
150025,5
200151,5
147848,5
81776,-1
120912,-1
30801,5
200180,5
82753,5
147886,5
94576,5
105015,5
193241,5
21000,5
120507,5
47217,5
94483,-1
104935,5
104936,5
11493,5
170151,5
125564,5
81635,-1
180957,5
147510,5
172368,-1
34319,5
13375,5
49450,5
206944,5
21069,5
49431,-1
10447,5
103434,5
80580,-1
121497,5
109344,5
154269,1
31703,5
126606,-1
109326,5
11269,-1
79444,5
65458,5
198714,-1
122095,5
65466,5
205562,5
53576,5
102185,5
102203,-1
202023,-1
170865,5
85101,-1
178904,5
53720,5
141836,5
94959,-1
95008,5
205512,-1
141656,5
93378,5
154402,5
154393,5
53887,-1
178760,5
190625,5
109436,5
141723,-1
79328,5
205973,-1
169078,5
85218,5
102109,5
85207,5
165011,5
184443,5
19225,-1
198741,-1
109511,-1
44262,5
84943,5
201943,-1
53290,5
165099,5
153912,-1
44339,5
79668,5
108962,5
70642,5
44366,5
201899,5
194907,5
94943,5
84871,5
170827,5
142578,5
108896,5
91057,5
6881,-1
117469,5
205608,-1
179078,5
178917,5
178921,5
120042,5
198760,5
193675,5
193673,5
193671,5
142243,5
102327,-1
94424,5
165089,5
184298,5
69143,-1
126527,-1
194927,5
44229,5
153994,-1
44236,5
169186,-1
178741,-1
65614,-1
178409,5
155091,5
85650,5
95060,5
184851,5
101597,5
85605,-1
43396,5
122299,5
101614,-1
170957,5
18827,5
141130,5
35228,-1
194990,5
110012,5
28604,5
85576,-1
184796,5
154924,-1
70767,5
184907,5
140889,5
85690,5
18726,5
68879,-1
90909,5
90912,-1
198409,5
78854,-1
155137,-1
166413,-1
31844,-1
1246,-1
184927,5
54533,-1
101537,5
24166,-1
90919,-1
3956,5
154914,5
202292,-1
154444,5
193717,5
1228,5
92418,-1
43679,5
126671,5
192702,5
154612,5
85417,5
72931,-1
35152,5
7068,5
178714,-1
43806,5
109614,5
154467,5
33920,-1
154462,5
53926,5
101997,-1
31765,5
184642,5
65328,-1
39302,5
141246,5
10134,-1
184735,5
101738,5
168904,5
184717,-1
168917,5
85512,5
85511,5
109842,-1
79068,-1
190580,-1
70739,5
68943,-1
168921,5
10583,5
119990,5
141419,5
121883,5
44409,5
179609,5
84344,5
165340,1
4584,5
80285,-1
179635,5
108222,5
52154,5
194796,5
45166,5
108163,5
45197,5
65790,-1
126164,5
52127,5
28814,5
45219,5
206773,-1
23174,-1
199279,-1
52235,-1
103132,-1
183717,5
179543,5
206750,5
6568,5
52348,-1
84367,5
201585,5
108282,5
183675,5
183673,5
183671,5
108273,5
169543,5
199186,-1
65765,-1
152942,5
34783,-1
31308,5
45228,5
199290,5
44990,-1
206782,5
169609,5
45364,5
80477,-1
45391,5
51860,5
103361,-1
69507,-1
69512,5
103373,-1
80523,5
80525,-1
144147,5
169635,5
199372,-1
152507,5
45530,-1
190865,5
4676,5
193569,5
84252,-1
103249,-1
45328,5
91155,5
206779,5
121543,5
183569,5
190827,5
72680,5
80380,-1
143955,5
143974,5
887,-1
80405,-1
91186,-1
144015,-1
179729,-1
93174,5
23066,5
152718,5
153081,-1
103113,5
91066,5
79828,5
94919,-1
108763,-1
44578,-1
179290,5
108757,5
153537,5
201732,5
31462,5
52838,-1
142931,5
153488,5
6716,5
194851,5
102861,-1
79925,5
94903,5
142967,-1
153466,5
179279,-1
30279,-1
169372,-1
19425,5
65618,-1
53103,5
169279,-1
198904,5
201869,5
169290,5
84811,5
179186,-1
102626,5
126417,5
184069,5
198917,5
142711,5
198921,5
53018,-1
53015,-1
19487,-1
165181,5
153445,-1
143413,5
165234,-1
84482,5
34026,5
52599,-1
34830,-1
201677,5
92574,5
19710,-1
121710,5
80090,5
52541,5
153174,5
13662,5
52528,5
52518,5
143328,5
70557,5
31357,-1
93234,-1
143188,5
80036,-1
102902,-1
191,-1
165192,5
84576,-1
179372,-1
6674,5
6672,5
6670,5
172702,5
34897,5
183882,-1
153337,-1
199078,5
66630,5
121743,5
121739,5
23327,5
121726,5
108545,-1
44865,5
52637,-1
60003,-1
118289,5
74340,5
175512,-1
37086,5
196203,-1
9749,5
89212,5
171732,5
61811,5
88518,5
1916,5
1920,5
187888,-1
204735,5
118806,5
204717,-1
188247,-1
75886,5
29630,-1
1903,5
173717,5
91728,5
63911,-1
174796,5
15963,-1
131181,-1
12968,5
15057,5
39079,-1
36130,-1
61008,-1
89801,5
116229,5
33042,5
171869,5
194298,5
129687,-1
95990,5
189186,-1
171585,5
89733,-1
60946,5
88802,-1
124319,5
9108,-1
188714,-1
195512,-1
124316,5
12665,5
161592,5
132858,-1
191899,5
62788,5
37934,5
38624,-1
88822,5
131118,5
160781,2
67530,5
174735,5
37179,5
167192,-1
97835,5
189635,5
116507,5
128112,5
174717,-1
161565,-1
188229,5
37942,-1
114839,5
90175,-1
114212,5
90065,5
173569,5
75208,-1
27604,-1
2278,-1
163286,5
115810,5
73596,5
96248,5
129517,-1
61662,5
36972,5
160832,5
175562,5
129466,5
128421,-1
131410,5
173882,-1
160845,5
113720,-1
9517,5
95873,-1
133184,5
67588,5
36562,5
128823,5
2289,5
97916,-1
174907,5
15690,-1
75211,-1
36974,5
36222,5
64165,5
114205,5
97155,5
33030,5
90194,5
60335,-1
189609,5
2608,5
27558,5
162677,3
89823,-1
97107,5
189279,-1
89816,-1
88846,5
128761,5
89826,5
89129,-1
189290,5
128367,5
15945,-1
75567,5
67248,-1
123608,5
114200,5
161340,5
95806,5
204796,5
37016,5
174851,5
187827,-1
204298,5
133049,5
89293,5
161623,5
132075,-1
37542,5
195973,-1
115383,-1
10786,-1
130636,5
191869,5
9772,-1
9202,-1
60805,5
27330,5
93965,5
74872,-1
33134,5
160451,-1
37706,-1
74897,5
36369,5
60637,5
16045,5
74582,5
26643,-1
71867,-1
37469,5
130661,5
10790,5
118886,5
62456,-1
16046,5
175282,5
37488,5
115405,5
204990,5
63777,-1
130601,5
174443,5
9778,5
74851,-1
71415,5
204069,5
27245,5
166756,5
96733,-1
188904,5
160541,5
192023,-1
74744,5
191677,5
167721,5
91910,5
62311,-1
124193,-1
15362,5
166886,5
37621,5
188070,-1
89403,5
115153,5
38835,-1
37564,5
160547,5
2077,5
167725,5
162045,5
206141,5
188921,5
116267,-1
188917,5
124177,5
118854,5
38817,5
36189,-1
16037,5
175468,5
89619,5
33247,-1
62067,5
9781,5
36486,3
9140,5
60526,-1
1713,-1
38665,5
60899,-1
188760,5
132713,-1
196523,-1
115546,5
196141,5
196518,5
94105,5
188741,-1
15145,5
2185,-1
189729,-1
95881,-1
174298,5
62008,5
204642,5
14455,5
174642,5
195468,5
26508,5
167387,5
724,5
195908,5
163441,5
10759,5
60547,5
195928,5
14464,-1
9331,-1
27379,5
115469,5
196109,-1
36449,-1
116295,5
96591,-1
132634,5
38712,-1
204443,5
26544,-1
15248,-1
130163,5
166758,5
189078,5
74540,5
74951,-1
130114,5
27164,-1
130128,5
196531,5
36365,5
97764,5
33242,5
720,5
37386,5
62583,5
2542,5
95795,-1
63169,5
130488,-1
129322,5
38516,5
73736,5
196332,-1
196750,5
162905,-1
8972,-1
8907,5
8927,5
174927,5
26856,5
14805,-1
97416,5
38339,5
114339,-1
160007,5
113711,5
36723,5
63353,5
131634,-1
10822,-1
129036,5
162875,5
38215,-1
114297,-1
36885,5
114619,5
161080,5
38517,5
131441,5
204851,5
188409,5
204907,5
67146,5
39213,-1
89059,-1
26942,5
114690,5
167572,5
206109,-1
39215,5
61536,5
95857,-1
131826,-1
131496,2
195562,5
63374,5
173675,5
166914,5
36669,5
67634,5
188336,-1
60176,5
123964,-1
1740,-1
9811,5
116028,5
119105,-1
64004,5
26939,5
63357,-1
91863,-1
114686,-1
195608,-1
191732,5
131478,5
189856,-1
171943,-1
63296,-1
71465,5
175608,-1
90217,5
114593,5
61479,5
163083,5
129393,5
160848,5
187721,5
91879,-1
14937,5
189543,5
174069,5
38183,5
67235,5
189372,-1
75311,-1
171677,5
1759,5
27736,-1
133329,5
74195,5
63344,-1
88872,5
116090,5
187725,5
173671,5
90248,5
163248,5
114259,-1
16310,-1
131864,5
75982,-1
191943,-1
163157,5
206203,-1
128921,5
16379,5
9530,5
194069,5
196773,-1
9522,-1
160956,-1
26360,5
173673,5
204927,5
8607,-1
167827,-1
174990,5
38415,5
131904,-1
97208,5
171899,5
2634,5
133340,-1
2371,-1
128139,5
60223,-1
160913,5
73968,5
36584,3
91683,5
95826,5
36627,5
88951,-1
142361,5
169199,5
156044,5
126975,5
42581,5
89368,5
196103,5
42526,5
6903,5
19308,5
128379,5
114505,-1
190459,5
124124,-1
79589,5
122626,-1
206162,5
102407,-1
179079,5
97284,5
79584,5
196107,5
35388,5
84967,5
128378,5
93992,5
85839,5
184294,-1
165054,-1
109160,5
169131,5
26876,5
38301,-1
33121,5
184348,3
74958,5
102230,-1
44074,5
94968,5
63969,-1
184355,5
28688,5
89360,5
86219,5
44033,5
115021,5
115020,6
177910,5
204250,5
142048,5
7523,5
85150,-1
65463,5
118685,5
109258,-1
44002,5
90838,5
169138,5
124123,1
23693,5
55545,-1
124598,5
154004,5
161794,-1
154027,5
65521,-1
169169,-1
85020,-1
139567,5
63863,5
94223,5
126535,-1
122611,-1
44187,5
9161,5
139603,5
169158,5
2157,5
79539,-1
44151,-1
154089,5
33986,5
196368,5
42600,-1
85077,-1
119791,-1
53473,5
78322,5
204438,5
184250,5
37764,5
53314,-1
52850,5
44586,-1
153587,5
190413,5
191396,-1
44620,5
93296,5
9228,-1
121808,5
108746,5
93280,5
102846,5
6726,5
75424,-1
194200,5
42287,-1
90141,-1
102716,5
142784,-1
121844,5
23502,5
123904,5
72811,-1
2130,5
19499,-1
131848,-1
62244,-1
142795,5
179273,5
4395,-1
156378,5
74818,5
184010,5
183978,5
24725,5
37727,5
78163,5
114439,-1
84623,5
121782,5
100547,-1
165179,-1
124189,5
29381,-1
84606,5
118830,-1
142994,5
174524,5
24746,-1
55882,-1
177639,5
122718,5
86402,5
114441,5
36391,5
52823,-1
108713,-1
55811,5
33164,5
118350,5
192876,5
126356,5
93506,5
61231,-1
1321,5
79914,5
139179,5
204469,-1
153477,-1
79933,5
53023,5
206681,-1
115079,0
142510,5
198058,-1
79684,5
88998,5
15439,-1
70918,-1
153884,-1
179138,5
126453,5
142543,-1
166836,5
205557,-1
121896,6
156281,5
61297,5
179131,5
156128,5
79640,5
44302,5
35427,5
201937,-1
35428,5
184200,5
110778,5
126457,5
44328,5
53230,-1
53229,-1
185498,5
44344,5
130631,5
2137,5
201822,5
142599,5
184087,-1
185557,-1
179199,5
68629,5
110831,5
62206,-1
28729,5
142712,5
53057,5
4360,5
24687,5
30272,-1
53027,5
118694,5
179169,-1
23551,5
169273,5
179158,5
102546,5
42366,5
4339,-1
184104,5
202644,5
102616,5
124548,5
196079,5
18200,-1
38405,5
121853,-1
86092,5
6977,5
178375,5
85640,5
141021,5
155079,5
85909,-1
101586,5
141039,-1
38213,5
78567,5
78562,-1
114840,5
78899,-1
24116,5
174945,-1
85599,5
154999,5
101551,5
24358,5
155098,5
122306,5
110389,5
43282,-1
66762,-1
196291,5
7249,5
126756,-1
78855,5
85904,-1
196229,-1
174826,5
54505,5
198263,-1
202470,-1
140996,5
141105,5
178124,-1
42917,5
117323,5
61792,5
153438,5
54297,-1
54292,5
126701,5
54266,5
161160,-1
43561,5
131523,5
97064,-1
202495,5
205498,5
196316,5
7437,5
90855,5
7199,5
184826,5
178115,-1
164815,-1
54388,-1
3995,5
89061,5
126735,5
110006,5
4000,5
31814,-1
141168,5
155703,5
110506,-1
68916,5
140938,5
167489,5
11240,5
114785,-1
1262,-1
26971,-1
18578,-1
54747,5
170996,5
171001,5
110195,5
178322,5
117259,5
70779,5
3921,5
101276,-1
13904,5
140785,5
191937,-1
78715,-1
198322,5
89089,-1
110252,-1
117254,5
155419,5
190522,5
188578,5
178263,-1
7347,3
110228,5
63929,5
122391,5
92363,5
155312,5
12160,5
85806,5
155222,-1
35273,5
93442,-1
33882,5
122345,5
78812,5
95068,-1
161337,5
12136,5
43263,5
164799,5
128404,-1
124880,5
202465,5
192644,5
118399,-1
15654,-1
184945,-1
198375,5
2272,5
140833,5
7293,-1
131356,2
43057,-1
193727,5
164764,5
124582,5
155199,5
3930,5
202456,5
188608,5
204294,-1
9030,5
12171,-1
12172,-1
178058,-1
97062,5
12052,5
173727,5
196162,5
79309,5
163587,5
198124,-1
154372,5
185326,-1
154360,5
75006,-1
53821,-1
96926,5
155868,5
126612,5
184469,-1
7354,5
42748,5
141677,5
23883,5
110635,-1
94042,-1
164910,5
170922,5
2198,5
11257,-1
126638,5
14588,5
109512,5
122185,5
93479,-1
55287,-1
29579,-1
131619,5
184524,5
154310,5
169079,5
43934,5
61424,5
42702,5
139813,5
65434,5
24511,5
174633,5
62068,5
30084,5
198115,-1
171039,-1
117224,5
53688,5
2168,-1
43987,5
141945,-1
154276,5
29590,5
79352,5
194945,-1
19118,-1
4176,5
7009,5
3760,5
27133,5
131646,5
35066,5
114995,-1
184438,5
130797,-1
43958,5
177981,5
154280,5
61943,5
190612,5
18898,5
198608,5
116408,5
184694,5
79080,-1
178578,5
18434,5
7468,-1
161150,5
190586,5
54133,-1
204348,3
68951,-1
109749,5
204355,5
61835,5
65156,5
9078,5
54210,5
75103,5
140181,5
43576,5
54217,5
109867,-1
65160,5
184704,5
91840,-1
24432,-1
4038,-1
114866,-1
154809,5
12192,5
122244,-1
141443,-1
178608,5
9102,5
190488,5
126905,5
110588,5
7086,-1
170931,5
28631,5
174694,5
78435,5
95049,5
68989,-1
101913,-1
172876,5
9106,5
109629,-1
71602,5
202200,5
85476,-1
24443,-1
184633,5
23989,5
10142,5
43663,5
79157,5
43668,5
43674,-1
92428,-1
7103,5
198578,5
119838,-1
110576,5
174704,5
43691,5
189889,5
130317,5
23378,-1
120442,5
129473,5
180761,5
150746,5
174104,5
96210,5
193194,5
199889,5
170090,5
204826,5
909,5
91718,5
163275,-1
191340,-1
165777,5
69849,5
146866,5
121040,5
22187,5
174087,-1
74245,5
106707,5
121029,5
116198,5
199831,5
93024,5
182456,5
11479,5
69833,5
194294,-1
20830,-1
83092,5
22237,-1
129480,5
20849,5
146728,5
106711,5
146735,5
49960,5
74212,5
30549,5
146624,-1
92814,-1
147299,-1
150396,5
63609,5
180922,5
150385,5
180931,5
170488,5
147466,5
49534,5
104977,5
13383,5
150250,5
81652,5
129319,-1
47349,-1
63242,5
47361,-1
30863,-1
104895,5
5199,5
147206,-1
96177,5
162838,-1
49803,-1
980,5
22171,5
49790,5
106628,5
150648,5
20935,-1
49781,5
47037,5
104827,-1
118123,5
94615,-1
5875,5
129398,5
200761,5
195699,5
182465,5
20792,5
183904,5
190996,5
201001,5
50448,5
191361,5
121206,5
191001,5
180488,5
125801,-1
200996,5
20621,-1
172465,5
182644,5
83425,5
189273,5
180522,5
83391,5
30981,-1
66544,-1
151252,-1
104406,5
151441,5
81128,-1
172456,5
172470,-1
117854,5
162617,5
81103,-1
174200,5
151475,5
104212,5
180459,5
199683,5
28916,5
145915,5
50549,-1
20571,5
117882,5
20576,5
62913,5
70349,-1
104226,5
27838,5
20587,5
151212,5
117948,-1
83178,5
191039,-1
162699,5
50168,-1
125719,-1
182495,5
205763,-1
117992,5
194633,5
200922,5
96007,5
120411,5
129560,-1
83193,5
125714,-1
46759,5
129553,5
182470,-1
170522,5
146606,5
81398,-1
125722,-1
128764,-1
29146,-1
180612,5
89821,5
146280,5
146291,5
46638,5
81271,5
15023,5
22370,5
34454,5
195763,-1
180586,5
13455,5
151083,5
125727,5
129616,5
37021,5
63657,5
200931,5
30959,-1
182200,5
180996,5
63261,5
70042,5
200370,5
105606,5
181822,5
194524,5
170299,-1
170413,5
67121,5
48095,5
82119,5
206107,5
63499,-1
70071,5
82400,-1
105883,5
149292,5
63504,-1
21445,-1
181511,-1
72201,5
149365,-1
13267,5
5469,-1
163079,5
189495,-1
47891,-1
170282,-1
149587,-1
5643,5
82050,-1
149566,5
82489,-1
181396,-1
148481,5
105512,5
200522,5
5455,5
47995,5
5464,5
173978,5
148554,5
21380,-1
128962,5
200090,5
181579,5
128924,-1
166099,5
21585,5
170370,5
206103,5
70110,5
118716,5
200459,5
82298,5
166894,5
48261,5
63550,-1
48276,5
70120,5
14755,-1
21557,5
10516,-1
181616,5
30641,5
181573,-1
5494,5
181572,5
70166,5
148799,-1
48503,5
148818,-1
148847,5
118229,-1
200413,5
105638,5
149212,5
96076,5
120723,5
149205,5
181556,5
10500,-1
125315,5
48219,-1
105639,5
200488,5
181361,5
170275,5
21762,5
82822,5
147781,5
63297,-1
106357,-1
163215,5
147818,5
47504,5
81782,-1
195557,-1
72225,5
11629,5
94577,5
147870,5
171937,-1
120561,5
14867,-1
63330,-1
105129,5
12929,-1
194469,-1
149615,-1
191177,5
29388,5
181001,5
125524,5
49392,5
204945,-1
21088,-1
34300,5
29040,5
81730,5
74119,-1
49349,5
47442,-1
165914,5
181039,-1
150077,-1
81750,4
94503,5
66374,-1
82699,5
200612,5
115977,5
200282,-1
116053,5
14827,-1
21286,5
82540,5
13323,5
181937,-1
11602,-1
11601,5
47842,5
72213,5
63432,-1
21771,5
63439,5
148339,5
200299,-1
47860,5
149617,-1
181340,-1
200275,5
91393,5
166133,5
21884,5
170459,5
165970,1
47656,-1
174010,5
105231,-1
148067,5
181177,5
69972,5
173904,5
92842,-1
149799,5
200586,5
124476,5
128854,5
21833,-1
47736,-1
129091,5
180413,5
46359,5
81077,-1
128593,5
103221,5
201556,5
121572,5
115413,5
11375,5
31283,-1
121566,5
62488,5
74608,-1
11378,5
80363,-1
199273,5
9680,-1
179683,5
9315,5
62496,5
179642,-1
89534,-1
183570,5
80288,-1
108271,-1
143630,5
199199,5
4571,5
19833,5
4572,-1
34784,5
66611,-1
108251,-1
143665,-1
201573,-1
130306,5
171822,5
201572,5
65774,-1
9290,5
4578,5
37512,5
143706,5
115456,5
143924,-1
51752,5
84244,5
51908,5
115486,5
108018,-1
45384,5
51872,5
152612,5
107972,5
162207,5
94803,5
45432,5
189079,5
124274,-1
62576,5
152534,5
34725,5
84170,5
14656,5
121501,5
169642,-1
96566,-1
124272,-1
70497,5
152711,-1
130267,5
19946,-1
108110,5
45259,-1
183553,-1
31263,-1
205699,5
4615,5
15247,-1
152771,5
193570,5
51974,5
201511,-1
84270,5
130220,5
144032,5
15241,5
152720,5
130211,5
195498,5
71790,-1
61229,5
74718,5
84478,-1
108511,5
103048,-1
170761,5
189683,5
190761,5
194826,5
74697,5
93238,5
1114,-1
2078,5
153195,5
143255,5
4510,-1
72720,5
174469,-1
19725,-1
194438,5
80044,5
90123,5
52294,-1
80032,5
196031,5
44783,5
44794,5
120106,-1
84551,5
74750,5
165211,-1
84542,5
124204,-1
19642,-1
93254,5
199079,5
1123,-1
153335,5
143120,-1
19658,5
44841,5
163487,3
23266,5
71667,5
179495,-1
199131,5
91136,5
34794,5
162107,5
4555,5
72705,5
93201,5
6569,5
120180,5
166271,5
199158,5
31324,5
52325,5
143597,5
80227,5
130333,5
201579,5
52296,5
6552,-1
199169,-1
52401,-1
19776,5
91132,5
174438,5
15320,5
52508,5
19741,5
37551,5
204524,5
199138,5
169495,-1
117617,-1
183727,5
52419,5
153085,-1
30339,5
80146,-1
201616,5
172644,5
33210,5
15307,5
179831,5
116257,5
107197,5
46074,5
46081,5
201177,5
74433,5
37212,-1
172200,5
83713,-1
50981,5
31063,-1
189642,-1
189199,5
50962,5
180275,5
180282,-1
91232,5
80940,5
145349,-1
121362,5
6193,5
46178,5
170612,5
11783,5
174250,5
165536,-1
37279,5
190931,5
191822,5
83825,-1
117773,5
162387,5
115604,5
13226,5
189158,5
129909,5
46022,5
189169,-1
34626,5
129905,-1
103889,-1
169831,5
1057,-1
93075,-1
180299,-1
144287,-1
199642,-1
169889,5
180370,5
125207,5
22565,5
194694,5
37147,5
66052,5
182876,5
172495,5
170586,5
145725,5
94203,5
81065,5
163348,5
201039,-1
69695,-1
30484,5
72519,-1
20482,-1
204704,5
63694,5
151648,-1
121358,5
120320,5
107369,5
74421,5
163377,5
37196,5
204694,5
28889,5
194250,5
107340,5
145464,-1
20436,-1
80995,5
22604,5
50856,-1
194704,5
13524,5
4936,-1
62735,5
83839,5
4821,5
91199,5
152284,-1
201396,-1
9367,5
34696,5
51506,5
45711,5
84032,-1
51498,5
80685,-1
51488,-1
152256,5
72633,5
144574,5
96506,5
152245,-1
103630,-1
117700,5
51441,5
80657,-1
103523,5
174294,-1
174348,3
27867,-1
84131,-1
62606,5
163442,5
22935,-1
45619,1
20102,5
22930,-1
152371,5
70470,-1
193553,-1
126060,5
169683,5
130104,-1
179889,5
107788,5
144407,5
174355,5
166232,5
22862,-1
62670,5
199495,-1
118317,-1
30437,5
45877,5
144846,5
83886,-1
103769,5
65946,-1
70447,5
180090,5
190922,5
80823,5
45906,5
20292,5
107547,-1
144943,5
103824,5
144946,5
80836,-1
93128,5
189138,5
165480,-1
62677,5
120262,5
204633,5
201361,5
144704,5
62689,5
115572,-1
162317,-1
107623,-1
83939,-1
80772,-1
201340,-1
189131,5
74463,-1
28864,5
45818,5
62713,-1
183194,5
139070,5
67122,5
137874,5
2888,5
76852,5
171572,5
76326,5
3274,5
12698,5
171177,5
39759,1
40813,5
112534,5
202876,5
111211,5
160782,5
16661,5
138453,5
92303,5
119116,-1
186107,5
127438,5
191579,5
90749,5
91612,-1
156858,5
32590,5
58847,-1
164290,-1
138563,5
206079,5
60362,-1
57330,5
157527,5
61102,1
138561,5
118628,5
3521,5
86867,5
68171,5
17711,-1
57320,5
68227,5
35966,5
14139,5
1374,5
138400,5
114244,5
41252,5
159338,5
77713,-1
186291,5
113929,-1
113202,-1
66870,5
76373,5
168578,5
190282,-1
205326,-1
132106,-1
203727,5
76389,5
157543,5
160599,5
14425,5
186103,5
11074,5
60224,-1
58199,5
168124,-1
41084,5
137903,5
137905,5
25764,5
59290,5
71158,5
3281,-1
157245,5
24962,-1
97861,-1
39792,-1
160844,5
28433,-1
36157,5
3412,5
99528,5
73325,-1
29763,5
88176,-1
10648,-1
128024,-1
58131,-1
57381,5
58133,5
41487,-1
41949,5
159494,5
28356,5
127897,5
33639,5
29768,-1
128144,5
119445,5
171573,-1
39686,5
168608,5
167981,5
191556,5
93582,5
3089,5
111561,5
57407,5
171361,5
58105,5
193978,5
118535,5
157300,5
111683,5
190370,5
1607,5
112804,5
136976,5
35528,5
7703,5
68387,5
28153,5
114351,5
128242,5
188322,5
59350,5
99503,-1
123219,-1
114341,-1
111190,5
138578,5
40495,5
135830,5
127290,5
160760,5
90387,5
100304,5
135821,5
134311,5
206316,5
133219,5
92019,-1
40070,5
136993,5
14058,5
163977,5
88599,-1
40082,5
137003,5
119684,-1
160877,5
64160,5
160685,5
58156,5
160090,5
113316,5
91877,-1
98906,5
113718,5
59239,5
2641,-1
99982,-1
176368,5
17079,-1
76506,5
76631,-1
88847,5
123200,-1
204104,5
137287,5
41805,5
1577,5
157142,-1
638,5
124767,-1
57189,5
128220,-1
75896,5
73603,-1
204010,5
26521,5
10863,5
98804,-1
39993,-1
119635,5
35649,5
100081,5
159212,-1
194010,5
137253,5
7944,-1
133111,5
76502,-1
88577,5
164326,-1
60540,5
206229,-1
26430,-1
166824,5
3458,5
166659,5
88843,5
11009,5
192456,5
137327,5
157193,5
157183,-1
112486,-1
39139,-1
12721,5
137314,5
88563,-1
191616,5
58337,-1
157174,-1
171340,-1
88014,5
186316,5
73436,5
137298,5
133062,5
111735,5
97792,-1
64379,-1
88738,5
133083,-1
14440,5
188263,-1
176103,5
176107,5
197588,5
123633,-1
157153,5
90432,-1
175557,-1
76572,5
186079,5
111466,5
39912,5
196681,-1
112369,-1
11076,5
38731,-1
188124,-1
58226,5
132393,5
3298,-1
86701,-1
119350,-1
3487,5
10955,5
38999,5
176162,5
39864,5
194348,3
164450,-1
168058,-1
192470,-1
164451,5
29825,5
160122,5
137378,5
123848,-1
114227,5
176031,5
100193,5
39840,5
41115,5
67843,5
36010,5
160834,-1
133187,5
39845,5
160600,5
39851,5
35681,5
159290,5
166596,5
122877,5
98354,5
8325,-1
112526,5
192465,5
67899,5
173570,5
116489,5
36003,5
176079,5
32174,5
73191,-1
2830,5
192200,5
56545,5
168263,-1
26007,5
138209,5
186031,5
7825,5
100087,5
186368,5
111319,5
41738,-1
90583,-1
17036,5
25019,-1
41139,5
135726,5
38729,-1
167588,5
168115,-1
127729,-1
194104,5
111753,-1
187981,5
190275,5
191572,5
113086,5
93554,5
16831,5
136952,-1
171556,5
133001,5
168322,5
26290,5
171579,5
158175,5
204200,5
77305,-1
40722,5
57586,5
73533,-1
93517,5
12405,-1
87282,-1
68269,5
71126,-1
119240,5
64262,-1
133683,5
138898,5
197639,5
167639,5
3369,5
90268,5
112034,5
176316,5
156587,5
127149,5
67920,5
195326,-1
8556,-1
136365,5
77607,5
77203,-1
91969,5
136661,-1
190299,-1
58659,-1
117052,-1
119506,5
40227,5
160029,5
98537,-1
206368,5
186229,-1
133814,-1
100459,-1
56074,5
67789,5
135124,-1
111061,5
113961,5
76149,5
36108,5
135117,5
76157,-1
197489,5
204087,-1
135108,5
73519,5
191511,-1
88277,-1
99079,-1
186681,-1
8698,5
8762,-1
116664,5
26802,-1
203570,5
39012,5
158235,5
36076,5
187588,5
163771,5
133792,5
57545,5
41326,-1
175763,-1
78092,5
127320,-1
71412,5
160722,-1
88534,5
40779,5
86447,-1
164366,5
7632,5
78112,-1
191573,-1
131884,5
133515,5
587,5
32319,5
137611,5
176291,5
75761,-1
173553,-1
40837,5
168375,5
56954,5
11049,-1
90778,-1
127572,5
73562,5
119415,5
188058,-1
38655,-1
39293,-1
98578,-1
75436,5
42183,5
75758,5
135325,5
175498,5
71974,5
128109,5
176681,-1
35937,-1
187910,5
3611,5
113969,-1
58608,5
177588,5
190090,5
76068,-1
76073,-1
59875,5
42149,5
58631,5
75999,5
185699,5
113973,5
58634,5
175326,-1
187639,5
188375,5
167910,5
197981,5
160724,5
135189,5
56976,5
88656,-1
39347,5
86453,-1
40856,-1
133532,-1
76042,5
77281,-1
91911,5
189831,5
123069,5
175699,5
76064,5
2682,5
59891,5
171511,-1
2494,-1
59885,5
136243,5
25440,5
159736,5
15886,5
60623,5
186162,5
157486,5
10642,-1
164395,5
87564,-1
124724,-1
86915,5
87925,5
8497,5
203978,5
194355,5
203904,5
135011,5
58038,5
40969,5
39247,-1
171396,-1
127509,-1
92310,5
203194,5
197910,5
157482,5
137531,5
87233,5
176229,-1
39007,-1
116591,-1
164360,5
29323,5
163751,5
26456,-1
26371,5
71290,5
134076,5
111900,5
187489,5
38765,-1
17190,-1
35612,5
88199,-1
203553,-1
158398,-1
98696,-1
26164,5
137810,-1
7693,5
157847,5
194087,-1
123478,5
99778,5
13025,5
113394,5
171616,5
73692,5
188115,-1
24886,-1
173194,5
86508,5
127175,5
60391,5
124662,5
92147,-1
40564,5
156761,5
206291,5
488,5
17193,-1
58444,5
97556,5
177489,5
98188,-1
136136,-1
185763,-1
99784,5
26212,5
93900,5
160259,5
76198,5
93636,5
12595,-1
93518,5
77365,5
57953,5
35501,-1
98536,5
87549,5
193904,5
26362,5
135090,5
3585,5
77177,5
32345,5
93874,5
57913,-1
39490,5
93695,5
64584,-1
86484,5
206031,5
133327,5
136809,5
123339,-1
93960,5
38443,-1
77174,-1
192495,5
112607,-1
160928,5
98700,-1
115613,-1
186981,5
165482,5
26486,5
34631,5
199567,-1
128710,5
6249,5
94774,5
119166,-1
180103,-1
83800,5
58437,-1
169832,5
70445,-1
171586,-1
20336,5
12664,5
132822,5
96385,-1
190103,-1
158798,5
27453,5
11817,5
144945,5
17052,-1
6270,5
201301,5
179984,5
144938,5
113901,-1
180083,-1
75821,5
160305,-1
144835,5
107401,-1
1063,-1
203578,-1
62724,5
31124,5
64441,-1
135579,5
190083,-1
158685,5
37208,-1
151750,-1
144944,5
124303,-1
117768,-1
162431,5
83814,5
69582,-1
72604,-1
50992,5
20275,5
193521,5
4772,5
58453,-1
186973,5
195871,5
25765,5
45806,5
132907,-1
93119,5
158718,5
32438,5
162409,5
205724,5
189150,5
95452,5
145137,5
112643,5
2566,-1
35913,5
174254,-1
174296,5
46049,-1
22837,-1
68170,5
125959,5
2950,5
112530,5
46143,-1
186995,5
132870,5
98687,5
15160,-1
107479,5
183146,-1
65994,5
125950,5
2983,5
51320,5
80786,5
203567,5
65923,6
203564,5
162457,5
38993,5
152415,5
107634,5
4597,5
121593,5
115387,-1
169567,-1
186718,5
45196,5
160419,-1
119162,-1
195961,-1
13631,-1
152838,-1
87562,5
29498,-1
38878,5
121597,5
108219,5
4585,-1
6520,5
176576,5
92149,5
199225,5
124730,5
143705,5
92621,-1
166745,5
173800,5
62443,5
19844,-1
136264,5
11903,-1
158338,5
199260,5
163997,5
70495,5
158395,5
193578,-1
126154,-1
132621,-1
38890,-1
62506,-1
132612,5
135957,5
45261,-1
87576,5
179709,-1
89572,5
127658,5
183564,5
183567,5
132620,-1
37470,5
17197,5
204588,5
183578,-1
152820,-1
179680,5
40584,-1
45226,-1
103247,5
152834,5
108154,5
52106,-1
3102,-1
89531,-1
60642,5
15309,5
92604,5
57741,-1
99232,-1
99219,5
108424,-1
190785,-1
201598,5
158257,5
99203,5
123071,5
57773,5
94862,5
1105,-1
116943,5
103118,5
74659,5
112115,-1
132565,5
84429,5
204530,-1
1109,5
94864,5
17291,5
44972,-1
96688,5
120145,5
32299,5
11048,5
92578,5
203271,5
201652,5
11041,-1
136384,5
34792,-1
99187,-1
40663,5
60643,-1
170728,-1
25564,5
128589,5
45083,5
189832,5
63789,5
179567,-1
206449,5
19809,-1
175365,5
8077,5
166262,5
6577,-1
33211,-1
6563,5
201586,-1
143581,-1
89522,5
143573,5
6566,5
143568,4
199150,5
189680,5
153021,5
132575,5
29911,-1
68249,-1
143992,5
97743,5
45674,-1
169680,5
58235,-1
179882,5
11838,5
168266,-1
201418,-1
107753,5
1079,-1
158597,5
144455,-1
144458,-1
115525,5
76979,5
115550,5
165408,5
171301,5
64534,5
84113,-1
68222,-1
45622,5
98839,-1
176449,5
118608,-1
80600,-1
40426,-1
62607,5
144303,5
40444,5
201442,5
60557,-1
144289,-1
152323,-1
144494,5
183250,5
98732,-1
112495,5
103646,5
83997,-1
179951,5
80722,5
203521,5
60521,5
40356,5
51453,5
34688,5
98787,5
93144,5
152301,5
30413,-1
40360,-1
135681,-1
84031,5
183271,5
1446,-1
70461,-1
20159,-1
66579,5
169709,-1
45705,5
894,5
71787,-1
94435,5
58208,-1
151724,5
3082,-1
84225,5
135849,-1
13215,5
117647,-1
130176,-1
170683,5
193567,5
14463,5
4651,5
152591,5
193564,5
45472,-1
4661,5
40514,5
176506,5
158430,5
132646,-1
58142,-1
194771,5
164124,-1
201494,5
62532,5
127664,5
152733,-1
183521,5
25639,-1
173820,-1
204612,-1
119489,5
144118,5
192326,-1
8723,5
62582,5
35838,-1
120236,5
107852,-1
164102,5
113932,5
94802,5
80569,5
107869,-1
89609,-1
103417,5
152440,5
160350,5
179832,5
77062,5
51793,5
199355,-1
84155,-1
144162,5
144159,-1
40462,-1
10636,-1
162233,-1
80534,5
115496,5
205269,5
144135,5
11856,-1
176490,5
89607,5
77080,5
174253,5
125918,5
76228,5
47593,-1
49151,-1
91379,5
14865,5
1796,5
175871,5
82683,-1
147998,-1
81852,5
193271,5
29410,5
147999,-1
148002,5
39621,5
73932,5
115989,-1
5325,-1
191301,5
149932,-1
66364,5
204890,5
182093,5
39650,5
181098,5
16336,5
115968,5
175624,-1
113696,5
149982,5
29760,5
92836,-1
81824,5
8625,5
175626,5
8623,-1
82678,-1
195653,-1
92955,5
36042,5
9575,5
13330,5
181989,5
133998,5
49001,-1
173521,5
82616,-1
81870,5
106136,5
30769,-1
29403,5
47735,5
128872,5
63401,-1
123580,-1
203800,5
67120,-1
116004,5
39592,5
16346,5
189567,-1
66376,5
148047,5
49063,-1
172326,-1
106210,5
81898,-1
204909,5
39594,-1
49047,5
149834,5
47679,5
74080,-1
163004,5
63309,5
193250,5
150002,5
81646,5
14910,5
92029,-1
82889,5
147474,5
175961,-1
81637,-1
163893,5
182224,5
36601,5
34325,5
72269,-1
98317,5
116191,5
150238,5
81680,5
29387,5
36869,5
67206,5
150327,-1
196718,5
47224,5
159406,5
98330,5
14918,-1
89919,-1
16652,-1
104938,5
173564,5
47249,-1
120974,-1
124423,-1
49559,-1
196995,5
60221,5
147559,-1
39741,5
159423,-1
49357,-1
181033,5
33453,5
134206,5
147716,-1
118767,5
159495,5
118182,-1
72248,1
150058,5
129256,-1
159502,5
147786,5
81768,5
129243,-1
21096,-1
16330,5
147668,-1
128015,-1
196981,5
91714,5
200083,-1
189984,5
196973,5
200683,5
106402,-1
92020,5
181007,5
200103,-1
16619,5
175611,5
134233,5
60182,5
72218,5
149766,5
113245,5
187645,5
187636,5
73986,5
170404,5
149262,-1
200404,5
48158,5
48160,5
105636,-1
2679,5
166905,-1
96082,-1
187649,5
189882,5
170367,5
149217,5
166088,5
166046,5
67142,-1
125327,5
181494,5
206981,5
170320,5
170337,5
118568,5
200390,5
181773,5
90329,5
175724,5
175653,-1
73988,5
88291,5
82146,-1
70184,-1
90009,5
148892,5
98128,5
206973,5
181598,5
181652,5
82340,-1
21574,5
60042,5
14758,5
149119,-1
10916,-1
206995,5
192093,5
166107,5
60036,-1
170390,5
149094,5
149041,5
167852,-1
118286,5
120694,5
148958,5
167895,5
95743,-1
133536,-1
149194,5
66495,-1
166092,5
64241,5
113617,5
59934,5
149155,-1
160004,5
163155,5
181586,-1
124500,5
70136,-1
39291,5
181662,5
128118,-1
96058,5
63436,5
14819,-1
39501,-1
195624,-1
148345,5
95699,5
59653,-1
21412,5
59662,1
175770,5
36733,5
175769,-1
200320,5
205871,5
2708,-1
93872,5
181301,5
159705,-1
5410,5
133955,5
21273,-1
123491,-1
203820,-1
200569,-1
36044,5
149712,5
159658,5
47804,-1
189951,5
195626,5
171494,5
200291,5
47822,-1
14822,5
159762,-1
148425,5
82043,5
14744,-1
170291,5
8610,5
64263,5
200367,5
148578,5
48074,5
48075,-1
39410,5
148598,5
187604,5
148602,5
70197,-1
166726,-1
5476,5
191598,5
195611,5
129011,5
70021,-1
133762,-1
149576,-1
200337,5
133809,5
82058,5
10710,-1
125379,5
181418,-1
96092,-1
47972,5
175761,5
12604,5
181442,5
194530,-1
148538,-1
106544,5
39764,5
135326,5
151447,5
145935,5
172477,5
194254,-1
145947,5
187852,-1
15053,5
127904,5
170569,-1
46449,5
199709,-1
129718,5
69748,5
201007,5
76649,-1
87968,-1
50534,5
96307,5
160231,5
176209,5
46371,-1
25879,-1
4988,5
92067,5
112782,-1
145859,-1
199680,5
107117,5
145875,5
34557,5
133010,5
64410,5
40091,5
40089,-1
171418,-1
107065,5
20684,5
193146,-1
151280,5
20649,-1
169951,5
125754,5
151237,5
72442,-1
50332,5
87994,5
189260,5
173578,-1
120404,5
27832,5
34467,5
39105,5
146272,5
195770,5
165680,5
146167,5
107064,-1
191007,5
58862,-1
204771,5
129714,-1
107001,-1
163337,-1
9448,5
72448,5
129689,5
10643,5
151321,5
2881,5
195365,5
83398,5
201033,5
145826,-1
107148,5
76754,5
66016,5
104053,5
135161,-1
201098,5
135157,5
50833,5
180337,5
129757,5
145576,-1
22587,-1
194253,5
145600,5
145607,-1
124345,5
22605,5
180320,5
127881,5
158888,5
180291,5
145372,-1
91753,5
40188,5
8268,5
160278,5
107368,5
37198,5
16942,5
121327,5
151671,5
145455,5
96377,-1
135142,5
124346,5
189225,5
50703,5
119392,5
180390,5
151522,5
46320,5
98492,5
26458,5
107207,5
162581,-1
180404,5
71698,5
112773,5
46349,5
145799,5
60390,5
40104,5
76717,-1
26459,5
33303,5
98520,5
129787,5
169882,5
180367,5
98542,-1
104,5
6145,-1
62868,-1
187895,5
125848,5
187105,5
62870,-1
50724,5
98524,5
50720,5
180569,-1
172224,5
82925,5
89899,-1
8652,-1
39865,-1
146830,5
150708,-1
159284,5
59166,5
191586,-1
150696,5
159292,5
66523,5
94626,5
97918,5
603,5
180785,-1
146905,5
76438,5
199882,5
73909,5
88073,-1
26015,5
133153,5
39887,-1
170083,-1
36942,5
9505,5
133165,5
94145,5
182411,5
191098,5
195269,5
146767,5
13407,5
189355,-1
120409,5
199984,5
165847,5
147139,5
47095,-1
194588,5
33383,-1
134360,5
159359,5
69893,-1
159309,5
159368,-1
5223,5
76341,-1
147234,-1
160100,5
200728,-1
104875,-1
70295,-1
20962,-1
49701,5
173567,5
150654,5
200785,-1
29131,5
14935,5
146995,5
36906,5
83003,5
165835,5
182326,-1
199951,5
81560,5
134369,5
150576,5
170103,-1
113786,5
10730,-1
195724,5
46687,5
81301,5
112911,5
174148,-1
168106,-1
50186,5
106849,-1
106848,5
92046,5
30953,5
168080,-1
112935,-1
27572,5
5092,5
162711,5
112944,5
83262,5
168110,5
64166,5
195761,5
192224,5
60345,5
195769,-1
25961,-1
33333,5
29822,-1
191033,5
169984,5
124675,-1
22359,5
205761,5
37033,5
106888,5
197105,5
63050,-1
29812,-1
199832,5
88464,-1
172411,5
168064,-1
159216,5
191773,5
9489,5
88462,-1
49993,5
104704,5
146689,5
160133,5
72352,5
167105,5
2831,5
180728,-1
205770,5
205769,-1
182477,5
171442,5
1872,5
64374,-1
95595,-1
8364,5
150954,-1
91297,5
134713,5
113015,5
119373,5
88046,-1
150914,-1
194612,-1
194296,5
180683,5
44944,-1
43670,5
138795,5
139904,5
114103,5
161145,5
137544,-1
111206,5
43981,-1
178413,-1
18570,-1
10795,5
156712,5
86635,5
18567,-1
138773,5
140514,5
161747,5
137559,5
53726,5
102139,5
141849,-1
7889,5
19141,5
25069,-1
94080,5
139885,-1
141825,-1
35641,5
204254,-1
100417,5
132328,5
138801,5
198110,5
178873,5
73222,5
188266,-1
19183,-1
204253,5
29286,5
75158,5
53629,5
44018,-1
73743,5
65456,-1
164531,5
64921,5
165041,-1
100928,5
78371,5
126599,5
178410,5
185365,5
110321,-1
141940,-1
35348,5
155446,5
190291,5
54871,5
138739,5
171033,5
141758,5
90848,-1
122968,5
41360,5
177105,5
178797,5
100999,5
186209,5
9717,5
154329,-1
156760,-1
202093,5
139961,5
194148,-1
127342,5
41999,5
65131,-1
23858,5
41894,5
141738,-1
126912,-1
157377,-1
75007,-1
3366,5
154373,-1
155849,5
155033,5
18786,-1
206209,5
10169,-1
109363,-1
126862,5
122135,-1
160909,5
53765,-1
97415,5
114978,5
92346,5
17610,5
90683,-1
60916,-1
89319,-1
86085,-1
24134,-1
202326,-1
37859,5
92306,5
3568,-1
61762,5
56972,5
138756,5
92450,5
171773,5
198106,-1
87045,5
188797,5
139605,5
85014,5
100791,5
66888,5
66886,5
142240,-1
201989,5
2259,5
168447,-1
174612,-1
57154,-1
19259,5
57146,5
154068,5
57136,5
139621,-1
33736,-1
7529,-1
169150,5
130715,5
77538,5
157563,5
38090,-1
185761,5
3319,5
33850,5
198080,-1
99698,5
64014,5
167645,5
142352,-1
68680,5
14040,5
92313,-1
115054,5
12017,5
184771,5
198413,-1
154003,-1
18299,-1
176995,5
184296,5
13979,5
18301,5
89045,5
44215,-1
154022,5
118477,5
79561,5
177852,-1
61729,5
44138,5
185770,5
17887,-1
192411,5
42654,5
7908,5
197604,5
96849,5
130762,5
90996,5
142080,5
70700,-1
100854,5
38072,5
161402,-1
138806,5
137478,5
163759,5
192477,5
3336,5
86149,-1
184890,5
99766,5
37830,-1
77909,5
185769,-1
205611,5
27162,5
78857,5
70683,-1
53480,5
138820,-1
44112,5
24551,5
139680,-1
156887,5
142153,5
184909,5
91861,-1
122047,5
15789,-1
131666,-1
139716,-1
157534,5
109199,5
62089,-1
102246,5
28561,5
3727,-1
14598,5
111430,5
177895,5
191442,5
8960,-1
164333,-1
95053,-1
86880,5
72943,-1
65352,5
43476,5
73770,-1
17701,5
79112,5
155706,5
161170,5
85489,-1
43478,-1
29245,5
77977,5
178106,-1
178110,5
101648,5
137939,-1
119868,5
43491,5
155693,-1
54169,-1
197852,-1
138620,5
4006,5
60963,-1
79130,5
65304,-1
178080,-1
185871,5
157197,5
198266,-1
77661,5
141486,5
43665,5
78499,5
131179,5
3403,5
97049,-1
86897,5
111551,5
202224,5
89234,-1
100350,5
54090,-1
86569,5
85954,5
110493,5
43608,5
118389,5
196490,5
75065,5
111509,5
164748,5
65139,5
204148,-1
117320,5
77953,5
41915,5
56286,-1
4032,5
43552,5
116397,-1
43547,5
154838,5
35546,5
141242,-1
190569,-1
54268,5
190320,5
173146,-1
85542,5
174771,5
161220,5
37993,5
118976,5
131491,-1
75492,5
17724,-1
7147,-1
66872,5
12108,-1
132239,5
160806,-1
114881,-1
41910,5
2224,5
9980,5
8870,5
157263,5
75121,5
10084,-1
75098,-1
202477,5
171652,5
155648,5
24927,5
191989,5
122279,5
77711,-1
36216,-1
141291,5
26940,-1
25146,5
92357,5
86899,5
71046,5
54912,5
184530,-1
119996,5
154974,5
53910,5
35325,5
109497,5
38260,-1
9972,5
99864,5
102007,-1
196506,5
114925,-1
89277,-1
168797,5
123783,5
61948,5
77995,5
15547,5
163602,-1
54913,-1
78466,-1
72966,-1
109583,5
155501,5
198447,-1
86531,5
42803,5
54440,5
75325,-1
26677,-1
78894,5
197636,5
3784,-1
70766,5
168873,5
138738,5
197895,5
42797,5
65284,-1
154986,-1
196449,5
163687,5
191494,5
141669,-1
178447,-1
43408,5
29250,5
155499,5
154412,5
185269,5
71041,-1
119691,5
122402,5
197645,5
85433,-1
101892,5
75310,5
190367,5
164740,5
26769,-1
36233,-1
155553,5
635,5
154575,-1
54000,5
154591,5
100029,-1
161159,5
119995,5
167636,5
77985,-1
141511,5
184612,-1
12299,-1
35314,-1
18979,5
99903,-1
4097,5
196209,5
160888,5
35300,-1
197649,5
141601,5
61941,-1
172093,5
38194,5
68756,-1
141583,-1
122207,3
171007,5
24909,-1
88841,-1
154957,5
131535,5
3389,5
43770,-1
178064,-1
184588,5
141127,5
137745,5
18830,5
206506,5
56866,5
60866,5
71450,-1
137276,-1
179355,-1
7587,5
66911,5
89418,5
94904,5
186506,5
205653,-1
190337,5
189709,-1
44659,5
66826,5
95840,5
160542,5
8768,-1
57468,-1
169355,-1
18179,-1
190728,-1
142894,5
92200,5
13191,5
60779,-1
131357,-1
33712,-1
157894,5
193820,-1
13694,-1
156426,5
4441,5
78188,5
142987,5
185961,-1
79937,-1
196576,5
13693,-1
195078,5
90657,5
122698,5
160941,-1
36300,-1
91090,5
175078,5
55774,5
157011,-1
191652,5
188106,-1
188413,-1
188110,5
88982,5
44678,5
71660,-1
4417,-1
52895,5
52898,-1
168410,5
41716,5
644,5
8769,5
191662,5
43244,5
37695,5
156326,5
62227,-1
61264,-1
78222,5
142832,-1
2354,-1
157841,5
156583,-1
142787,5
84751,5
42390,5
122674,5
38129,-1
93487,-1
86340,-1
132432,5
155315,5
186490,5
142869,-1
202411,5
42324,5
7770,5
61663,5
42146,5
84658,3
99474,5
206718,5
7295,5
127024,5
10816,5
55995,5
56495,5
31851,5
35268,5
74810,-1
205078,5
188873,5
173271,5
201773,5
19527,5
77391,5
70790,5
174530,-1
142992,5
77409,5
35436,5
103066,5
116946,5
201662,5
183820,-1
166436,5
203250,5
177645,5
35741,-1
92365,5
4493,5
176718,5
108529,5
140733,5
163472,5
177649,5
64644,5
110963,5
80043,-1
7611,-1
103038,5
1409,5
73833,-1
37614,5
44867,-1
131398,5
143232,5
52572,5
155226,5
190404,5
19722,-1
96689,5
121708,5
177636,5
43191,5
174890,5
67809,5
38832,5
90198,-1
57696,5
161277,5
1412,-1
108494,-1
185653,-1
205365,5
28487,5
12157,5
118417,5
85771,-1
183800,5
160477,5
38429,5
115300,-1
188064,-1
157965,-1
37620,5
100567,5
18144,5
185078,5
44751,5
23368,-1
185624,-1
78752,5
108620,5
52752,-1
64094,-1
69324,-1
78174,-1
114448,5
138388,5
138318,5
185611,5
170785,-1
122746,-1
188410,5
102899,-1
54674,5
156428,-1
62319,-1
177604,5
140744,-1
185626,5
186576,5
10231,-1
120122,5
96711,-1
166286,-1
57604,5
37633,-1
74733,5
31398,5
171598,5
74762,5
63825,5
78159,-1
40879,-1
90785,-1
65705,-1
188080,-1
8760,5
153361,5
164586,5
31978,5
99353,-1
179260,5
9994,5
37704,5
65269,5
142547,5
57294,-1
111239,5
11075,5
108940,-1
167649,5
184148,-1
140940,5
153882,5
3290,5
44355,-1
23584,-1
18598,5
84886,-1
90763,5
55587,5
15443,5
194909,5
57260,5
73802,-1
169225,5
74912,-1
25340,5
92385,-1
78853,5
19408,5
138196,-1
19417,5
205961,-1
185724,5
70806,5
198873,5
139462,5
203146,-1
25042,5
62180,5
140923,5
89386,-1
44376,5
156608,-1
78057,-1
69211,-1
6819,-1
174588,5
41677,-1
169260,5
90740,5
14611,-1
851,-1
15434,5
205626,5
97161,5
27913,-1
171989,5
118358,-1
648,5
66822,5
64915,5
14530,-1
190683,5
161812,-1
32050,-1
184253,5
171662,5
184254,-1
18277,-1
155402,5
175269,5
100455,5
1265,-1
156627,-1
117467,5
156040,5
176981,5
127404,-1
198797,5
16044,-1
205624,-1
53246,5
53285,-1
165108,5
89033,-1
44315,5
131288,-1
13986,5
188447,-1
7253,-1
4300,5
206576,5
126462,5
142430,5
7252,5
171098,5
10193,-1
131282,5
72071,2
2149,5
191418,-1
161818,5
91834,-1
176973,5
198410,5
126472,5
70647,5
137059,-1
179150,5
111005,5
30074,5
174909,5
26749,5
140881,5
100116,5
33156,5
26841,-1
10783,-1
15411,-1
155348,5
186449,5
9208,5
68653,5
30073,-1
179225,5
23535,-1
204296,5
178266,-1
137004,-1
90812,-1
166533,5
44464,5
79798,5
167604,5
3682,5
14525,-1
53038,5
61295,5
137000,5
71557,-1
168413,-1
44462,5
19461,5
153702,5
77435,5
138899,5
114755,5
26990,5
157063,-1
153694,5
157818,-1
161882,5
194890,5
11977,5
173250,5
95259,-1
111834,5
122629,5
10021,5
78058,-1
92507,-1
61281,5
79774,5
18214,-1
157757,5
93313,5
97304,4
198064,-1
57336,-1
6799,5
155144,-1
140899,5
132421,-1
206490,5
37732,-1
193800,5
32219,5
99581,-1
190390,5
77454,-1
164617,5
138873,-1
132098,5
95868,5
27647,5
22124,5
150516,-1
82915,5
38534,5
178299,-1
98342,5
786,5
150657,-1
180876,-1
205085,-1
85861,5
177398,-1
175993,5
36893,-1
39200,5
85817,2
43095,5
155389,5
29029,5
202467,5
41,5
5237,5
43048,5
166437,5
150622,5
32742,5
101263,5
90876,-1
1345,5
150571,5
97210,5
170137,-1
204160,5
161230,5
170118,5
180916,5
180833,5
100263,5
163238,5
3530,5
161224,5
168586,5
47286,5
85885,5
34324,5
166663,5
82976,-1
175164,5
97205,5
47273,5
159332,5
155325,5
28162,-1
88091,-1
168598,-1
176010,4
82863,-1
172238,5
3875,-1
205171,-1
101210,-1
101324,5
30113,-1
170492,5
202871,5
47080,5
180953,5
24354,5
44941,-1
203748,-1
36708,5
177787,5
149411,5
149406,5
160929,-1
2703,-1
5466,5
173055,5
181453,-1
89002,5
86260,5
100720,5
33847,-1
91397,5
105560,-1
166490,5
94558,5
32041,5
164562,-1
105607,5
2696,5
156248,5
42429,5
33819,-1
92936,-1
149340,5
24654,5
163106,5
149435,5
33645,5
89035,-1
29398,-1
203894,-1
36741,-1
42078,5
30034,5
100771,5
47892,-1
161050,5
91396,5
167930,5
172294,5
168751,-1
26258,5
181389,-1
86472,-1
95700,5
95128,-1
200531,5
149538,-1
47934,5
94286,5
42535,5
82487,5
163707,5
2706,5
89023,5
149484,-1
159773,5
149316,-1
203844,5
36742,-1
39292,-1
168673,-1
42163,5
88942,5
98098,5
163835,5
177654,5
171518,5
38427,5
92329,-1
21577,-1
173927,5
82338,-1
156519,-1
42258,5
3637,5
39325,5
42224,5
164578,5
100525,5
32713,5
156482,5
88371,-1
92325,-1
171076,5
175085,-1
1750,-1
39351,5
91413,5
1757,5
92316,-1
91417,-1
929,5
163842,5
36690,5
38396,5
653,5
175713,-1
173953,5
163163,-1
24688,5
156348,5
88300,-1
170361,5
156567,5
181518,5
48154,5
3662,-1
168721,5
42321,5
163829,5
42311,5
5500,-1
35469,5
100606,5
39368,-1
200492,5
156424,-1
30617,-1
1298,-1
180990,-1
202501,-1
21971,-1
155768,5
47489,5
181076,5
159501,5
150024,5
39666,5
2760,-1
98240,5
163876,5
165946,5
200663,-1
100375,5
165933,5
97465,5
82802,5
36281,5
204892,5
86541,-1
86005,-1
204263,5
47550,5
95114,5
86533,-1
88900,5
200638,5
205435,5
166963,-1
166140,5
34246,-1
34315,-1
101186,-1
155638,5
167042,5
92025,5
205164,5
162925,5
175936,5
3832,5
162927,-1
155660,-1
89945,5
47394,5
173894,-1
155741,5
150092,5
89072,-1
94595,5
41942,5
47432,5
98259,5
155723,5
90048,-1
156814,5
42866,5
27687,-1
5293,5
149923,5
166454,5
97243,5
166834,5
200585,5
159310,5
42707,5
96048,-1
42047,-1
86126,5
36620,5
177930,5
105326,5
166016,-1
36110,5
161104,5
168758,5
95120,5
105270,-1
163055,5
173993,5
82568,5
3584,5
163059,5
26219,-1
86205,5
160041,5
90841,5
181288,5
42623,5
2649,5
42617,-1
92344,5
206010,4
82738,5
2385,5
24899,-1
149880,5
93475,5
82706,5
161148,-1
155806,5
26774,-1
86034,5
86522,5
155819,5
47645,-1
101004,-1
105230,-1
156736,5
42034,5
175849,5
164711,5
88417,5
98201,-1
92974,-1
205849,5
206290,5
100415,5
86098,5
31931,5
206953,5
2733,5
174892,5
157231,5
104809,-1
37782,5
89631,5
45704,5
99671,5
175435,5
205713,-1
169707,5
103541,5
4287,5
84038,-1
169704,-1
153936,5
170663,-1
87091,-1
29306,5
87685,-1
169697,5
44260,-1
102375,-1
44237,5
37350,-1
205936,5
38987,5
99712,5
176393,5
162262,5
201389,-1
102389,5
25725,5
165455,5
164060,5
44255,-1
36143,5
31617,-1
160320,5
167243,0
41150,-1
176953,5
89372,5
167245,5
45565,-1
152458,5
40456,5
84158,5
91061,-1
201453,-1
173748,-1
152513,5
206133,5
45506,5
84844,5
33611,5
1597,-1
28830,5
153762,5
37746,5
96822,5
160579,5
31565,-1
165414,5
166330,5
162245,5
153887,-1
31210,-1
27190,5
170833,5
169650,5
40436,5
152410,5
36371,5
153850,5
84870,5
179847,5
166648,-1
35579,5
175470,5
30450,5
98691,5
37839,5
180137,-1
90992,-1
177042,5
151988,5
170876,-1
83863,5
28238,5
180118,5
152067,5
152069,5
36494,-1
205242,5
92121,5
172066,5
242,0
31078,5
96397,-1
85163,-1
46042,5
151901,5
162433,5
1585,5
102162,5
1672,-1
45988,5
45987,5
23790,-1
205234,5
29202,5
202066,5
43990,5
25257,-1
35019,-1
244,5
85018,5
31640,-1
169761,-1
173410,-1
99718,5
173844,5
91789,-1
169734,5
89668,-1
35893,5
4761,5
173235,5
32411,5
45762,-1
102374,5
95255,-1
31652,-1
44126,-1
97625,5
22809,5
102227,5
160672,5
154135,5
25259,5
180081,5
89362,5
45881,-1
44090,5
22794,5
170638,5
204669,5
102252,5
201288,5
36380,5
97755,-1
96726,5
158274,5
203207,5
157930,-1
99071,5
96634,5
4452,-1
36164,5
94861,5
26610,5
88950,5
169386,5
3136,-1
89449,-1
153394,5
179386,5
99061,5
179588,5
84198,-1
44686,-1
162134,5
167654,5
102860,-1
153485,-1
40633,5
99429,-1
89532,5
179591,5
103215,-1
37514,-1
3117,5
84346,-1
34032,5
99052,-1
40903,-1
95294,-1
87295,5
90629,5
44917,5
95787,5
153128,-1
166633,5
94295,-1
168346,5
163467,5
92577,5
90623,5
92579,-1
4517,5
93702,5
1414,-1
94871,5
23274,5
89504,-1
95296,-1
164224,5
44903,5
203235,5
92556,5
90279,5
84517,5
87319,5
26569,5
89471,-1
153285,5
88683,5
153026,5
158157,-1
34859,5
153237,5
36176,5
34857,5
179650,5
156,5
40954,5
103311,5
84240,5
87608,5
176855,5
27377,5
153700,-1
44488,5
161909,-1
84783,5
94827,5
179734,5
3080,5
28731,5
201518,5
176529,-1
34947,5
84754,-1
176503,5
179761,-1
171288,5
153740,6
91771,-1
44452,5
84211,-1
203410,-1
87211,5
31542,1
152624,-1
84804,-1
25381,5
102627,-1
36450,5
168415,-1
161889,5
44558,5
40549,5
34755,5
31276,-1
40581,5
201762,5
84708,5
90113,-1
102763,5
84659,-1
165138,5
45221,-1
38764,5
25611,5
168299,-1
92528,5
44637,5
26555,5
37486,-1
23447,-1
91496,5
153545,5
40977,5
4388,-1
162179,-1
169591,5
179707,5
153595,5
169588,5
93300,-1
35705,5
30281,5
84728,5
94908,-1
179704,-1
179697,5
96814,5
99488,5
25229,-1
157462,5
206393,5
43445,5
22341,5
3989,-1
90182,-1
33904,-1
104512,-1
29821,5
46664,-1
157154,5
205993,5
91940,5
202944,5
154958,5
27829,-1
173720,5
151097,5
41608,5
89830,5
30502,-1
94273,5
200916,5
27026,5
165733,5
150991,5
30937,5
178415,-1
170531,5
43333,5
89197,5
38056,5
30939,5
41619,5
36123,5
177245,5
89836,-1
177243,0
180585,5
101626,5
170953,5
43557,5
28413,5
200953,5
34480,-1
174160,5
159097,5
180531,5
157209,5
174759,-1
35977,5
161534,5
164417,5
83421,5
158068,5
37975,5
91279,5
83360,5
151222,5
37035,5
166843,5
176133,5
202294,5
94693,5
46631,-1
165707,5
29556,5
27044,5
5065,5
90926,-1
172917,5
203953,5
159130,5
154847,5
180638,5
96260,-1
32540,5
36939,5
24220,5
171453,-1
85745,5
83060,5
89121,5
203720,5
178346,5
46897,-1
96236,5
41708,5
170081,5
32125,5
85718,-1
167095,5
98363,5
203927,5
166169,5
205470,5
36006,5
93461,5
203724,5
41782,5
3491,5
104791,-1
24228,-1
150686,-1
34376,5
170990,-1
83037,-1
3915,5
38144,5
150697,5
104727,5
163287,5
89848,-1
83177,5
41661,5
100068,5
22278,5
157113,-1
3952,5
101519,-1
172944,5
46776,5
43274,5
2846,5
180663,-1
163621,5
167157,5
35995,-1
150959,5
88039,5
5128,5
83171,5
175171,-1
46817,5
96240,-1
26992,-1
202917,5
206529,-1
96241,5
41684,5
200833,5
36117,5
92786,2
22255,5
36970,-1
33349,5
200876,-1
41663,5
200990,-1
29855,5
157367,-1
174669,5
2587,5
178751,-1
161621,-1
104040,-1
205520,-1
26469,-1
102046,-1
43866,5
178758,5
167787,5
104013,5
40153,5
85274,5
169847,5
37182,5
90471,-1
151365,-1
41399,5
34600,-1
180361,5
151628,5
90944,5
206855,5
23893,5
94115,5
162517,5
37911,-1
154424,5
1720,5
94420,-1
172501,-1
172129,5
95032,5
175242,5
171389,-1
96979,-1
167398,-1
174263,5
173207,5
87836,-1
83716,5
203585,5
34619,-1
151798,5
151828,-1
151839,5
40170,-1
151850,5
41331,5
98630,-1
86986,-1
91893,5
85186,5
151868,5
99849,-1
206503,5
3360,5
158866,5
397,-1
33951,5
203993,5
170916,5
99858,5
171762,5
91519,-1
35931,5
46170,5
27130,5
46167,5
176290,5
23834,5
203055,5
177095,5
201076,5
151608,-1
158954,5
40084,-1
25901,-1
173724,5
178598,-1
164840,5
31768,5
98484,-1
204759,-1
202238,5
104211,5
86891,5
31767,5
28911,-1
96328,5
104214,-1
27080,5
94,5
91820,-1
175520,-1
32496,-1
92395,5
180492,5
91256,-1
172467,5
40051,5
29632,-1
46440,5
159067,-1
95879,5
160765,5
165636,-1
27072,5
178586,5
151446,5
33918,-1
159018,5
178721,5
104138,5
28216,5
23926,5
172871,5
86921,5
34594,-1
99883,5
85360,5
177157,5
46372,-1
173585,5
175234,5
154483,-1
202129,5
32195,-1
38644,5
151554,5
37927,-1
170585,5
37138,5
46362,5
27941,5
29641,5
43681,5
4075,5
2590,5
94752,5
178673,-1
104189,5
37930,5
97579,-1
101886,5
96347,5
24757,5
130372,5
138693,5
54293,-1
17680,5
109933,5
132473,-1
136421,5
124330,-1
50963,5
17683,-1
134046,5
128669,5
189650,5
118812,-1
71688,5
136392,5
111582,-1
197654,5
111583,5
118817,-1
118799,-1
10722,5
145116,5
128526,-1
109924,-1
118769,5
184759,-1
183055,5
114004,5
6206,5
54274,5
189707,5
73830,-1
191762,5
194263,5
189704,-1
189697,5
12897,5
199588,5
199591,5
182917,5
189591,5
145619,5
189588,5
116215,5
63613,5
113383,4
59454,5
118945,-1
199650,5
182871,5
194160,5
78891,5
124018,5
71573,5
50690,5
124092,-1
145597,5
132443,5
67493,5
186133,5
124261,5
63691,5
145462,-1
10762,-1
67382,-1
145499,5
145532,5
182944,5
195520,-1
78901,5
63658,-1
67461,-1
18805,5
10798,-1
71737,-1
107470,5
80733,-1
107609,5
198598,-1
76180,5
195435,5
71943,-1
116413,5
63961,5
191518,5
63958,-1
71939,-1
71931,5
63947,5
133919,5
118545,5
118564,5
189761,-1
80796,5
128369,5
77275,5
128422,-1
56941,5
144702,5
51384,-1
118418,5
56947,5
66791,-1
51373,5
14496,5
118459,5
109638,-1
17326,5
124832,-1
183207,5
128357,-1
144752,5
118468,5
8519,-1
198586,5
124669,-1
73817,5
107504,5
6234,5
184669,5
12978,-1
79084,-1
195470,5
59572,5
67137,-1
18912,5
80887,-1
51095,-1
7159,5
118732,5
51082,5
79023,5
73810,5
128515,5
113990,-1
20326,5
16110,-1
80868,5
51226,-1
144900,5
13033,-1
109720,5
66999,-1
13022,5
67020,5
71858,5
109737,5
60696,-1
13003,5
79133,5
60699,5
144958,5
189734,5
67067,-1
114051,5
111550,5
67573,5
146449,5
60929,-1
12520,5
182501,-1
63129,5
193993,5
76349,-1
14959,5
134373,5
192238,5
14964,-1
17178,-1
14965,-1
81343,5
54902,5
146550,5
9502,5
12489,5
111458,5
123224,5
56691,-1
119342,5
199761,-1
146354,5
129418,5
129429,5
146361,5
138009,5
58040,5
198299,-1
8434,5
56667,5
146413,-1
195713,-1
123341,5
123337,5
110311,-1
138038,5
63074,-1
63593,5
123087,5
81426,5
115693,5
129760,5
110476,5
146691,5
199847,5
62887,5
81432,-1
106726,5
77754,5
5943,5
78529,5
123045,-1
110494,5
49975,1
59195,5
129715,5
134418,5
197042,5
193927,5
182467,5
115796,5
196503,5
193953,5
192294,5
134393,5
12461,-1
132286,5
129583,-1
135896,-1
185164,5
129660,-1
59266,-1
15034,5
77099,5
185171,-1
60954,5
187398,-1
9528,-1
146286,5
140915,-1
73985,5
128947,5
199697,5
199704,-1
67726,-1
199707,5
14779,5
128967,5
73993,5
12706,5
137890,5
196953,5
146081,5
67773,5
132374,5
146108,-1
74028,-1
7262,5
107109,5
114105,5
50569,-1
184892,5
128874,5
67620,5
63574,5
20525,-1
50655,-1
118994,5
123938,5
8084,-1
54507,5
198415,-1
50628,-1
54520,-1
81099,5
54543,-1
67803,5
59396,5
146112,5
123715,-1
57955,5
196529,-1
6054,5
192129,5
185085,-1
78705,5
75655,5
119318,5
12580,5
78702,5
189386,5
123433,5
197398,-1
129354,-1
54808,5
115955,-1
123589,5
129139,5
123710,5
63400,-1
8469,5
198346,5
192066,5
81182,5
199734,5
76269,-1
14882,-1
63356,-1
12653,5
17228,5
146162,-1
67905,-1
18648,5
74106,5
191453,-1
183235,5
15088,5
77525,5
64785,-1
52582,5
113665,5
9952,5
64741,-1
195164,5
109013,5
52535,-1
126272,5
80103,5
77440,-1
77437,5
65715,5
80110,-1
133355,-1
52583,5
143224,5
126230,5
65649,-1
75976,5
79691,5
14116,5
117054,-1
183844,5
194892,5
117045,-1
108944,-1
19380,-1
6843,5
52611,-1
14128,-1
143193,5
108521,5
184160,5
143213,5
80126,5
195171,-1
72660,5
75852,-1
13605,5
142368,5
53340,-1
143585,-1
117657,5
111701,5
194759,-1
127535,-1
117661,5
190876,-1
79564,-1
113858,5
133465,5
80177,5
127503,-1
183748,-1
190833,5
72711,5
109031,5
108432,-1
143427,5
143429,5
183724,5
142391,5
133364,-1
183720,5
133398,-1
184263,5
117633,5
65785,5
72687,5
136999,5
6584,5
6893,-1
143132,5
126459,-1
144634,5
65116,1
142755,5
137162,5
126748,5
142872,3
13881,5
117151,5
142900,-1
6723,5
133142,5
79806,-1
53021,5
187787,5
6719,5
126703,5
142946,5
108708,5
17495,5
137110,-1
183993,5
183953,5
111759,5
111775,5
65174,5
137141,-1
126879,5
6747,-1
142777,-1
52934,5
126848,5
73028,-1
186393,5
65150,5
190492,5
79873,5
190531,5
117266,5
65143,5
190585,5
73125,5
13742,5
64945,-1
190361,5
137260,5
108595,5
65475,-1
183894,-1
73183,-1
60194,-1
65490,-1
127224,-1
126549,5
80007,5
64891,5
19650,5
60158,5
72849,5
190663,-1
143126,5
108849,5
117332,5
190638,5
127124,-1
137077,5
79936,5
142729,-1
60225,-1
72920,5
183927,5
65006,5
195085,-1
117102,5
14033,5
142696,-1
108622,-1
75888,-1
117381,5
137075,5
126022,5
127615,5
53422,5
183410,-1
20048,-1
20052,5
7891,5
198673,-1
137574,5
136696,-1
53801,5
66442,5
64274,5
73521,5
144196,-1
199386,5
141743,5
144232,5
73529,5
77599,5
125335,5
107920,5
191288,5
76118,5
125539,5
59830,5
72234,-1
66366,-1
6409,-1
20028,5
128007,5
9854,5
16472,-1
125423,5
109371,-1
116734,5
125420,5
79360,5
57551,-1
72219,5
66464,-1
141715,5
190916,5
196855,5
191389,-1
56958,-1
59670,5
118344,-1
144525,5
144538,5
76161,5
51521,5
72057,-1
73656,5
125073,5
107699,5
128267,5
112036,5
56956,5
79223,5
51572,-1
144448,5
128141,5
144300,-1
53851,-1
66502,5
116557,5
51683,5
72131,5
125276,-1
19082,5
20104,-1
51672,5
77298,-1
189847,5
79297,5
107793,-1
125192,-1
10540,-1
51629,5
6992,5
109304,-1
198758,5
143779,5
187930,5
142204,5
52135,-1
16415,5
117851,5
10321,5
57441,-1
190990,-1
125814,5
190137,-1
133528,5
183585,5
194669,5
198751,-1
57043,5
52044,5
66035,5
133512,5
10445,5
6926,5
186290,5
53436,-1
127618,5
136940,-1
80283,5
65964,-1
111690,5
113894,5
52201,5
57437,5
19865,5
127672,5
57438,-1
190953,5
13533,-1
19880,5
116874,5
190118,5
109185,-1
13462,-1
187654,5
108041,-1
142043,5
72303,-1
195242,5
8712,-1
118125,-1
60539,5
118127,5
113911,5
109273,5
79429,-1
125565,5
79421,5
17381,5
10444,5
186529,-1
142079,5
190081,5
72313,5
6952,5
143967,5
142141,5
66153,5
195234,5
51986,-1
133548,5
186503,5
19212,-1
72350,5
77555,-1
51960,5
191076,5
80409,5
136828,5
116832,-1
198721,5
129792,5
145858,-1
58897,-1
139271,-1
21213,5
148052,5
186953,5
148059,-1
74915,5
185936,5
69283,5
74931,-1
69288,5
70614,-1
70611,-1
192871,5
62128,5
15839,5
11979,-1
197787,5
130635,5
7758,-1
11990,5
21189,5
62183,-1
139346,5
196393,5
185520,-1
197157,5
188415,-1
11308,5
182066,5
121916,5
130609,5
17017,5
112525,5
8233,5
121692,5
58446,5
131796,5
61302,5
138510,-1
139163,5
148277,5
55750,5
192944,5
18124,5
110917,5
193585,5
106119,-1
139134,5
18139,5
130830,-1
15513,-1
18152,5
9132,5
139197,5
188751,-1
188758,5
11916,-1
11917,5
196133,5
120135,5
49004,-1
192917,5
70578,5
18171,-1
75418,5
70657,-1
120213,5
58282,-1
147579,5
147583,5
139620,5
200081,5
193724,5
70757,-1
74660,5
70737,-1
185435,5
110719,5
139597,5
193720,5
74670,5
147574,5
78328,-1
139658,5
186855,5
9289,5
187243,0
187245,5
130308,5
147504,5
122376,5
62449,5
21033,5
193748,-1
122487,5
182238,5
139739,5
74596,-1
122250,5
81723,5
130597,5
62282,-1
147808,-1
196010,4
139415,-1
112465,-1
70705,-1
74795,-1
17064,4
200118,5
81828,5
15859,5
134826,5
112501,5
58921,-1
16823,-1
112884,5
17855,5
61187,-1
111288,5
138372,5
81754,-1
130427,5
185470,5
200137,-1
21116,-1
182129,5
112430,5
195993,5
130418,5
115343,-1
62378,5
138349,-1
75012,-1
121553,5
122521,5
188586,5
15676,-1
120972,-1
188598,-1
193235,5
148784,5
187095,5
82203,5
120931,5
114708,-1
187042,5
82190,-1
9009,4
58527,5
148731,5
21448,5
148725,-1
131345,5
148672,5
131672,5
193207,5
69885,-1
69866,5
181762,5
148638,5
11482,5
69825,5
105892,5
131276,5
82117,5
114693,5
82206,-1
61369,5
185849,5
114683,5
8992,5
70057,5
61544,5
120634,-1
131562,-1
149027,-1
69947,5
70142,5
17964,-1
138726,5
61494,-1
111123,5
135274,-1
105687,-1
48403,5
82275,5
76765,5
61563,-1
193410,-1
120856,-1
56144,5
70215,5
196290,5
120584,5
48439,5
70219,5
120906,-1
17996,5
11512,5
21413,-1
131275,5
188721,5
197245,5
48837,-1
8241,5
131046,5
187157,5
18083,5
131106,-1
48735,5
55961,5
193055,5
188673,-1
75389,5
148452,-1
121428,5
75394,-1
131004,5
130992,5
130987,5
106019,5
138556,-1
61333,-1
55919,5
70468,-1
131778,5
61945,5
121496,5
11405,5
120231,5
15545,-1
148320,5
121420,-1
131708,5
48639,-1
121168,-1
8935,5
16900,-1
138871,5
131231,5
131250,-1
121177,5
200361,5
121384,5
7668,5
148580,5
82101,5
76740,5
58526,5
148612,5
197930,5
82086,5
48692,5
120400,-1
121271,5
121273,-1
48712,5
105953,5
185713,-1
48719,5
120342,5
135436,-1
75379,-1
58805,5
58490,5
197243,0
120317,-1
21023,5
108785,-1
8163,5
132033,5
119692,5
129992,5
147083,-1
195849,5
55361,5
147214,5
61151,-1
110521,5
8848,5
138280,5
119690,-1
12293,5
12363,5
8170,-1
75551,5
122973,5
182294,5
16755,-1
146841,-1
146960,5
188299,-1
193894,-1
122995,5
146915,-1
78433,5
188346,5
185993,5
129958,5
122618,5
147000,5
55151,-1
81518,-1
11166,5
78393,-1
115609,5
110590,-1
146894,5
122673,-1
139878,5
112306,5
9392,5
197095,5
131978,5
192467,5
20951,5
15235,-1
122759,-1
140178,5
15890,5
185242,5
138231,5
185234,5
119555,5
147102,5
192501,-1
68412,5
18460,5
111382,5
5916,5
186010,4
5870,5
193844,5
70935,5
70974,-1
195936,5
147131,-1
49800,-1
78079,-1
35811,5
75849,5
114849,5
3612,5
18563,5
175491,5
184285,5
35810,-1
78445,-1
127690,-1
174285,5
102377,5
102384,5
26752,5
202943,-1
161452,5
129490,-1
95367,5
161554,-1
189324,5
55196,-1
18052,5
142193,-1
100497,-1
157519,5
160729,5
142200,5
138900,5
156592,5
137440,5
204347,5
14235,5
96399,5
78434,-1
53373,5
15919,5
114851,-1
188656,5
60497,5
26485,-1
201992,-1
95323,5
161476,5
18073,5
161512,-1
111699,-1
142247,-1
140501,-1
127552,-1
75611,5
138949,5
77541,5
35758,5
95297,5
97071,5
64627,5
43033,5
204001,5
142327,-1
3609,5
188670,-1
102311,5
162412,5
188451,-1
75104,5
85036,-1
154054,5
55220,-1
137368,5
187049,5
202509,5
4251,5
35738,-1
174760,-1
54897,-1
101269,-1
132864,5
129922,5
173384,5
137497,5
130933,5
37875,-1
37881,5
90434,5
110282,5
27120,5
160335,-1
155396,5
44010,5
138229,-1
173450,-1
177049,5
90456,5
196632,5
7617,5
96960,5
14294,-1
55887,1
90466,-1
185121,-1
15536,-1
28220,-1
14292,-1
14291,-1
86413,5
190021,5
43989,5
198128,-1
160723,-1
36016,5
130863,-1
28163,5
73446,5
184424,5
53723,5
154272,-1
43965,5
7000,5
141889,5
74990,-1
161713,-1
127978,5
35990,5
127953,-1
77561,5
89311,5
115877,5
90431,5
100966,5
100018,5
86082,5
138003,-1
115859,-1
173435,5
116911,-1
62718,5
184347,5
138546,-1
53505,-1
127797,-1
42191,5
53492,-1
15557,5
130977,5
95444,5
57042,5
190129,5
99776,5
1450,-1
63143,5
178947,5
19239,-1
164075,5
110626,5
27624,-1
26761,5
116901,-1
28273,5
75058,-1
61897,5
41282,5
60498,5
18579,5
100992,5
100529,5
79460,5
142081,5
157489,5
142082,5
55903,-1
177635,5
61314,5
162834,5
23756,-1
102226,5
178231,-1
14271,5
73394,5
202447,0
95493,-1
16181,-1
177632,5
17811,-1
57040,5
55290,5
64455,5
202708,5
101277,5
79588,5
130260,5
184273,5
137229,5
44444,5
79790,5
117091,5
37094,5
19448,5
35488,5
164561,5
75889,-1
155778,5
156707,-1
155662,-1
196677,5
35458,-1
131447,5
138783,-1
60973,-1
131450,-1
155686,5
133033,5
37110,5
75892,5
44472,5
198231,-1
7423,5
77752,5
204760,-1
188587,-1
84816,5
127204,-1
161276,5
17794,5
195121,-1
38296,-1
44417,2
42055,5
37051,5
78571,5
127183,5
186044,5
73176,5
25071,-1
188231,-1
178128,-1
114707,5
164506,5
195107,5
102595,5
201865,5
73171,-1
15701,-1
64960,-1
138796,5
142683,5
90788,5
204273,5
35435,5
126999,5
26424,5
96376,-1
75323,5
7444,-1
185826,5
44532,5
86526,5
114671,5
114646,-1
111762,-1
140228,5
16273,-1
160825,5
195826,5
10081,5
174967,5
129818,5
65171,5
52983,5
155760,5
38255,-1
155739,5
172997,5
138672,5
16267,-1
126931,5
75898,5
138758,5
114561,5
62829,5
140314,5
198947,5
174938,-1
74391,5
42013,-1
65063,5
205412,5
174992,-1
8825,5
61428,-1
108794,5
89767,-1
202927,-1
19486,5
35414,5
78018,5
111106,5
73079,5
153813,-1
73186,-1
100047,5
78454,5
142417,-1
190248,5
9043,5
88533,5
84940,5
61728,5
109030,-1
63036,-1
75867,5
28365,-1
19342,5
36996,5
161361,-1
201940,5
96265,5
95256,-1
176996,5
117002,5
62780,5
2581,5
26873,5
162440,5
175504,5
102484,5
16217,5
157622,-1
74254,5
56033,5
61770,5
127468,5
110379,5
114247,5
174273,5
24440,-1
15803,5
131199,-1
113841,5
9938,5
2441,-1
43007,5
202460,5
111707,5
100481,5
2323,5
64700,-1
202463,-1
161407,5
173255,-1
116992,5
153979,5
89168,4
153972,5
73232,5
97179,5
28382,5
60436,5
114738,-1
53190,-1
138823,5
73207,-1
60944,-1
127296,5
41214,5
35600,5
117057,-1
18014,5
7937,-1
44380,5
129684,-1
53167,5
127272,5
24850,5
79724,5
155636,5
9995,5
129885,5
127226,5
204285,5
111408,5
64892,-1
86576,5
28399,5
202744,5
138829,5
73220,-1
15004,5
161089,5
1946,5
157581,5
138076,-1
53220,-1
100323,5
153888,5
23601,-1
142511,5
129647,5
44352,5
100449,-1
127343,5
89829,5
90685,5
131322,5
162688,5
61385,5
160740,5
188614,5
141840,5
79359,5
139186,-1
37605,-1
195491,5
189695,5
189471,-1
141244,5
204992,-1
100190,5
175107,5
43536,-1
128538,-1
74547,-1
156062,5
63457,-1
101720,5
141251,5
202263,5
184760,-1
96699,5
130135,5
204618,5
74531,-1
15191,5
41520,-1
204515,5
27729,5
141240,-1
86130,5
89506,5
163074,-1
130149,-1
9676,5
128681,5
18843,-1
37562,-1
188947,5
41446,-1
109985,5
7284,5
95951,5
18294,-1
61167,-1
63768,-1
195504,5
128603,-1
37565,5
99894,-1
139538,5
177172,-1
38796,5
100191,-1
163036,-1
54259,-1
178587,-1
185491,5
131881,-1
43588,-1
196044,5
1669,-1
42497,5
60848,5
74780,-1
163572,5
101800,5
42496,5
9716,-1
109751,5
36341,-1
111287,5
56884,-1
97405,5
24985,5
62652,5
177760,5
61227,5
202640,5
163616,5
14597,-1
109910,-1
79090,-1
96705,5
62331,5
36379,5
95887,-1
141286,5
174001,5
37628,5
43215,5
36373,-1
189464,5
116026,5
73789,-1
109864,5
96721,-1
54203,-1
202625,5
174515,5
15185,5
109818,-1
73788,5
141356,5
27261,5
130487,5
174347,5
132459,5
128701,5
109731,5
63607,5
202579,-1
157013,-1
110065,5
54494,5
204938,-1
25134,5
43327,-1
74623,5
14729,-1
111311,5
73931,5
138332,-1
110053,5
38721,5
43336,5
155989,5
85641,5
100840,5
15284,5
139710,5
189582,5
88921,-1
43341,5
116194,5
174424,5
36582,5
43279,-1
155139,-1
130279,5
17839,-1
202997,5
137847,5
36656,5
188128,-1
128925,-1
155962,5
85679,-1
99643,5
137841,5
157022,5
14753,-1
36642,5
189522,5
54514,-1
38484,5
74581,5
115462,5
73946,-1
202566,-1
24532,-1
162159,5
100163,5
9631,5
202348,5
160627,-1
110667,-1
85634,5
114050,5
24560,5
132426,5
178451,-1
54609,5
37541,5
38726,5
26790,5
63678,5
18815,5
174445,-1
132380,5
41764,5
38779,5
204967,5
198451,-1
141117,5
137799,5
175121,-1
36498,5
24096,1
140876,5
62395,5
2470,-1
184992,-1
130353,5
63497,-1
7514,5
116216,5
162196,-1
38745,5
114064,-1
185412,5
141037,-1
163284,5
7272,5
99909,5
195595,5
96015,5
128781,-1
15304,5
41754,5
24122,-1
27325,5
95998,5
36685,-1
162102,5
141047,5
27823,-1
137823,5
3985,5
141090,5
184967,5
36791,5
36326,5
41312,5
116514,5
115936,5
184515,5
141668,5
89367,-1
205121,-1
36851,5
189841,5
154397,5
75405,5
53890,-1
75785,5
111460,5
139293,5
109455,5
9793,5
198656,5
157422,-1
139260,5
79310,-1
37807,5
129318,-1
130713,5
79314,5
130719,5
85294,5
138242,5
88615,5
88896,5
197632,5
86327,-1
154463,-1
78208,-1
19039,5
53930,5
62149,5
156338,-1
155880,5
28062,5
89933,-1
85329,5
75782,5
137913,5
157412,-1
156339,-1
64120,5
141630,-1
204445,-1
36843,5
102012,5
197760,5
1586,-1
109479,5
15834,5
138468,5
86358,5
116574,5
111329,5
36033,-1
19117,5
53782,5
175412,5
115005,-1
23827,-1
114998,5
139202,5
115893,-1
160720,-1
184938,-1
96436,5
184445,-1
139191,5
141798,5
89690,5
160347,5
87004,-1
202431,5
57007,-1
129379,5
96170,-1
99821,5
36884,-1
174618,5
128057,-1
129991,5
9806,5
137589,5
116639,5
132652,-1
130741,5
18169,5
15485,5
130750,5
97615,-1
198670,-1
189941,5
7346,5
129348,-1
185595,5
156419,5
162879,5
128068,-1
116675,5
204424,5
79342,5
185107,5
128064,5
89344,5
28056,5
198614,5
86679,-1
198587,-1
189442,-1
141514,5
138387,5
62243,-1
189766,5
74852,5
129179,-1
62658,5
178656,5
156936,5
163650,-1
185504,5
74863,-1
56398,5
63951,-1
162273,5
41406,-1
2463,5
114078,-1
109694,-1
38411,5
178670,-1
189787,-1
75760,5
56909,-1
128428,5
96767,-1
128464,5
63894,5
178614,5
63895,-1
154710,5
85467,5
154695,-1
101810,-1
79148,-1
141471,-1
99880,5
27955,5
14853,-1
86936,-1
1655,5
162252,5
62262,5
41423,5
42455,5
14565,5
184618,5
26583,5
163644,5
97709,-1
53994,5
63983,5
63282,5
157232,5
53985,5
128336,-1
26829,5
37766,5
73687,5
154512,-1
89383,-1
2521,5
42741,5
53975,5
99860,5
141582,5
17629,-1
27192,1
53955,5
128281,5
197635,5
63269,5
14477,-1
205107,5
101981,5
73658,-1
140645,5
110648,5
86676,5
90236,5
18639,-1
56510,5
55669,5
38861,-1
60656,5
89957,5
163732,-1
7759,-1
42410,5
173650,-1
99975,-1
1613,5
42405,5
202166,5
160438,5
89655,5
161866,5
139854,5
101901,5
132583,5
43182,-1
195412,5
55690,5
156925,-1
37759,5
162532,5
87866,-1
90861,-1
17159,-1
93700,-1
49984,5
146693,5
123054,5
182447,0
123058,5
83119,-1
83129,5
93711,5
171252,5
46852,-1
199841,5
50004,5
39839,5
68295,5
81423,5
16693,-1
135850,5
49980,5
5165,5
87622,5
134581,-1
87625,-1
77082,5
197049,5
5926,-1
176044,5
150764,-1
46924,5
5942,-1
20862,5
106704,5
46906,5
20857,5
58157,5
134507,5
182431,5
50017,5
83158,5
113212,5
192348,5
68186,5
146588,-1
40540,-1
168231,-1
83187,5
104624,5
5996,5
98340,-1
192263,5
20772,5
113193,5
32445,5
46727,5
76376,5
203384,5
93771,-1
88097,5
106785,5
92133,-1
8120,-1
123118,-1
106761,5
93720,5
22272,5
50043,5
68256,-1
123113,5
182460,5
182463,-1
22288,-1
11029,-1
8411,5
11025,5
17169,-1
12458,-1
92139,-1
150932,5
119562,5
146840,1
186794,5
22205,6
168656,5
203450,-1
47125,5
186807,5
47119,-1
122802,5
150501,5
168614,5
32080,-1
113067,5
59108,-1
39895,5
168587,-1
70980,5
88067,5
47087,-1
150561,5
150482,5
168670,-1
82949,5
21002,-1
106541,5
147321,5
59074,5
182263,5
113035,-1
122643,-1
147313,5
31966,-1
20991,-1
40425,-1
2840,5
122717,-1
68578,-1
192509,5
88052,5
106612,5
119671,-1
119649,-1
123002,5
87643,5
16723,-1
159276,-1
135795,5
168451,-1
122975,-1
150674,-1
49848,-1
68414,5
134589,5
81516,5
12384,5
29953,-1
87635,5
104753,5
77079,5
134606,-1
112313,5
49780,5
47051,-1
203435,5
192463,-1
192460,5
68446,5
59124,5
199941,5
192447,0
93612,5
182348,5
26027,5
20927,5
92261,-1
93604,5
192431,5
199787,-1
151012,5
147410,-1
91867,5
20596,-1
67730,5
182708,5
76245,5
12725,5
199695,5
93973,5
159500,5
134168,-1
50598,5
67704,5
12733,5
4991,-1
119106,5
182744,5
123886,5
2765,5
60289,5
40655,5
91906,5
123733,5
32868,5
91897,5
88168,-1
107067,5
29636,5
146035,5
631,5
123785,-1
191992,-1
167635,5
167632,5
57882,5
50615,-1
3128,5
159351,5
67662,5
118971,-1
83553,5
71574,-1
99110,5
81049,5
46274,5
176632,5
98222,-1
46259,5
20485,5
145639,5
12800,-1
22572,5
83581,1
33077,5
145631,5
83547,5
151540,5
77183,-1
136313,5
123931,5
87496,-1
94005,5
99078,5
40681,6
145771,5
71534,5
134150,-1
98245,5
191940,5
39660,5
134155,5
107218,5
119136,-1
167760,5
32785,2
136001,5
196996,5
32557,5
71242,5
134314,5
151102,-1
50285,-1
134304,5
119332,5
182566,-1
46619,5
20688,5
93844,-1
32589,-1
105667,5
112182,-1
182579,-1
98327,5
87568,5
68055,5
68086,-1
83255,5
93805,5
8106,5
182509,5
180613,5
180610,5
168128,-1
106878,-1
71235,-1
199766,5
119382,5
104490,-1
194001,5
50239,5
146370,5
151086,-1
32615,5
159426,5
106941,-1
93910,5
59365,5
151295,5
17224,5
119194,1
40638,5
10906,-1
39705,-1
119173,-1
182625,5
182640,5
93929,-1
67850,5
200986,5
171587,-1
39684,5
88127,5
119223,5
192166,5
67974,3
106946,-1
146243,5
92007,-1
67988,-1
119274,5
2786,-1
71306,5
146218,5
22407,5
50350,5
76313,5
32683,5
112181,5
186717,-1
71351,5
81609,5
134691,5
145621,5
87941,5
47902,5
169766,5
121439,5
206794,5
5430,5
31160,5
76668,-1
120264,5
135465,5
82499,-1
21323,-1
69543,5
69539,5
48841,-1
47873,5
11837,-1
169695,5
70450,5
31122,5
5639,5
170613,5
120357,-1
58741,5
76694,5
181865,5
169841,5
170610,5
5446,0
169787,-1
105495,5
121396,5
206807,5
76796,5
148458,-1
82057,-1
82007,5
87798,5
203650,-1
82579,5
149753,5
92619,5
148246,5
192943,-1
186996,5
105338,5
105331,5
169522,5
171,-1
158775,5
105327,5
21820,5
25907,5
148179,5
148175,5
181252,5
69431,5
92622,5
11873,5
148328,-1
192997,5
187172,-1
31250,5
31255,5
93182,5
31265,-1
105434,5
135491,5
81976,-1
48902,5
181940,5
47805,5
106101,-1
169582,5
5459,5
5462,-1
5624,5
120368,5
181587,-1
40189,5
92963,-1
30607,5
170248,5
87857,5
69969,5
135180,5
30802,-1
149200,5
5508,5
193255,-1
5565,-1
82197,5
92829,-1
48184,5
135133,5
149129,-1
2940,5
98571,5
158907,5
149092,5
40174,-1
206996,5
70121,5
149030,5
11565,5
70148,-1
76756,5
120796,-1
98554,5
193384,5
48355,5
70067,5
40149,5
11529,5
92875,5
193435,5
120486,5
105826,-1
48059,-1
16911,5
93020,5
69811,5
149350,5
170021,5
11705,-1
82414,5
193450,-1
148567,5
69753,5
149393,5
69740,5
169941,5
105589,-1
121245,5
69827,-1
21429,-1
48519,6
120990,-1
158878,5
148774,5
11652,-1
69909,5
105848,5
30566,-1
48,5
5578,-1
92797,5
92992,5
149271,-1
170129,5
92802,-1
120993,5
48596,5
206939,5
192927,-1
149784,5
113010,-1
122272,5
81749,5
3020,5
49344,-1
122229,5
49352,-1
192708,5
93407,5
122230,5
182166,5
150118,5
76594,5
40386,5
92401,5
92397,5
147652,5
168947,5
200129,5
58973,5
122205,-1
112451,5
21140,5
134803,-1
21961,5
135667,5
11268,-1
49270,5
25728,-1
58290,5
47482,5
30190,-1
150057,5
30188,-1
17082,5
119997,5
12105,-1
70742,5
134913,5
106421,5
122428,-1
22053,5
82894,5
150287,5
81630,5
68755,-1
200021,5
104955,5
25988,-1
12196,5
192579,-1
106526,5
106529,5
70863,5
22073,-1
134715,5
192566,-1
92360,5
98379,5
5262,5
192640,5
21073,5
40388,5
206632,5
49443,5
119959,5
119941,-1
31857,5
180986,5
92361,5
58993,5
135711,-1
170986,5
30124,5
49485,5
192625,5
122381,5
12055,5
58935,-1
105049,5
122116,5
197172,-1
206717,-1
81908,-1
70615,5
149838,5
112861,5
149842,5
76637,5
21879,-1
200610,5
193650,-1
169324,5
93305,5
93309,5
121852,-1
149857,5
40021,5
11948,5
200248,5
169464,5
149793,5
16850,5
106156,5
148165,5
70567,5
169471,-1
181992,-1
40047,5
120116,5
106160,5
82640,-1
40297,5
21238,-1
5707,5
149807,5
169442,-1
58900,5
5347,5
200613,5
30217,5
147875,-1
120033,5
31659,5
70692,-1
206677,5
82769,5
81821,5
70704,5
82746,5
105088,5
47536,-1
105073,5
87998,5
192744,5
82809,5
5743,5
147995,-1
82709,5
49120,-1
159111,-1
69207,5
186939,5
149871,5
121897,5
49126,-1
158692,5
120061,5
147962,5
69168,5
58910,5
69142,5
47590,5
50771,-1
634,5
99184,-1
19982,5
98114,-1
28941,5
172460,5
45245,5
45244,-1
59918,5
172463,-1
108125,5
77380,5
23111,-1
45233,5
99477,5
84309,5
16421,-1
94739,-1
7991,-1
66075,-1
179695,5
3247,5
136857,-1
196794,5
6449,-1
28982,-1
40952,5
176794,5
13430,5
51961,-1
34439,5
144011,-1
111912,2
194618,5
172431,5
172447,0
143987,5
143980,5
51999,-1
19952,5
76036,5
72510,-1
190986,5
183650,-1
65962,5
13557,5
157850,5
45105,5
59959,5
126006,-1
45132,5
143674,-1
34676,5
65911,5
117694,5
52272,-1
179582,5
172566,-1
65963,5
165531,-1
176807,5
13520,5
125840,5
80322,-1
125843,5
66054,5
72532,-1
19882,-1
80302,5
45141,-1
40985,-1
4586,-1
125935,5
34615,5
143736,5
65969,-1
172509,5
152727,5
57492,5
118278,5
66218,-1
20051,5
40905,5
166026,5
159792,5
88288,-1
152538,5
152543,-1
183435,5
59803,-1
152553,5
76114,5
165979,-1
22998,5
152557,-1
94574,5
111948,5
152563,5
77339,5
45542,-1
91410,-1
88284,5
144245,-1
22950,5
84144,5
152426,5
80558,5
191252,5
179841,5
76119,5
29095,5
152453,5
166050,5
194515,5
6383,5
183384,5
72194,5
10466,5
94579,5
76088,5
187635,5
6434,5
187632,5
66272,-1
10428,-1
2694,5
94632,-1
45342,-1
199324,5
205826,5
108025,-1
152717,5
125650,5
45326,5
108074,5
118111,5
23040,0
196807,5
172348,5
183450,-1
179787,-1
57537,5
13352,5
51854,-1
66345,5
165908,-1
152597,5
29037,5
76082,5
165871,5
91361,5
20003,5
179766,5
45370,5
52295,-1
152981,-1
194760,-1
126061,-1
143010,-1
84588,5
108626,-1
187760,5
10157,-1
196717,-1
41082,5
164915,5
90945,5
126637,5
108669,5
72913,5
194967,5
35143,5
190613,5
108686,5
190610,5
39204,5
79978,5
117389,5
84566,5
13770,5
52732,-1
84560,5
35033,5
94985,5
65488,5
153376,-1
28676,-1
126613,5
165039,-1
153389,5
194938,-1
157735,5
23367,5
60218,5
23369,5
117347,5
41086,5
205504,5
126805,5
117309,2
35257,5
176939,5
52913,-1
73002,5
23444,5
79876,5
52930,5
90914,5
23451,5
184001,5
153581,5
60281,-1
126856,-1
44573,5
142808,5
65272,-1
172943,-1
133197,-1
194992,-1
1230,-1
175595,5
126693,5
72947,5
117328,5
90925,5
113780,5
52890,5
133146,5
205491,5
179324,5
153515,5
126745,5
172927,-1
102845,5
80001,-1
80009,5
41017,-1
179522,5
34787,5
143420,5
117623,-1
25384,-1
28795,5
52477,-1
172640,5
111125,-1
126237,-1
65736,5
94882,-1
80104,-1
94884,-1
13682,5
172625,5
153070,5
1127,-1
201587,-1
45073,5
80237,5
23198,5
23199,5
172579,-1
45055,-1
8594,5
34726,-1
91140,-1
80184,5
23214,-1
103167,-1
65806,5
45034,5
13618,-1
34754,-1
172708,5
80083,5
205595,5
91047,-1
84485,-1
126422,5
108532,5
52624,-1
6649,-1
39245,5
179442,-1
13731,5
16347,0
7966,5
133299,5
126530,5
153314,5
65506,-1
143187,-1
172744,5
103067,5
113682,5
72767,-1
34916,-1
98019,5
153198,5
179471,-1
65650,-1
97989,-1
179464,5
113687,5
52590,5
117523,5
143208,5
117521,5
72806,-1
45598,5
66352,5
126178,-1
33759,5
45831,5
99224,5
134010,-1
91583,5
180021,5
103735,-1
8503,5
124768,5
91597,5
33404,-1
203255,-1
66899,5
124442,5
167049,5
206044,5
94158,-1
194273,5
83889,5
91611,5
191587,-1
133991,5
22686,5
66955,-1
99280,-1
194347,5
29453,5
166580,4
103638,-1
71962,1
94391,-1
158126,-1
167172,-1
107636,5
166403,-1
166405,-1
22846,5
83720,5
199464,5
91735,5
66821,-1
199471,-1
10605,5
180248,5
94361,5
176717,-1
144756,5
152144,5
94353,5
33821,5
66840,-1
94344,5
45819,-1
20375,5
33339,5
166550,-1
118481,-1
94290,5
39540,-1
57682,5
83779,-1
118604,5
145068,5
6254,-1
171992,-1
107482,5
17305,-1
29357,5
151984,5
80851,5
10677,5
151889,-1
57708,5
124610,-1
20315,5
71848,5
151899,5
124581,5
77242,5
80882,5
83801,5
71782,5
33548,5
158081,-1
83811,-1
118693,5
67139,5
45935,-1
71762,5
171940,5
201252,5
94287,5
51048,-1
186632,5
20279,5
166721,-1
176677,5
759,5
51217,-1
45896,5
67186,5
144926,5
4864,5
133926,5
51200,-1
194285,5
152049,5
67159,5
45914,5
166731,5
199522,5
29333,5
10655,-1
175826,5
91688,-1
180129,5
124986,-1
51011,-1
125141,5
152299,5
191865,5
20124,-1
91776,5
186677,5
118823,5
66572,5
194445,-1
8490,5
107724,-1
145435,5
50893,5
66658,5
107367,-1
196939,5
145253,-1
33231,-1
103992,5
26177,5
159753,5
172166,5
34017,-1
166291,-1
182943,-1
50839,5
144375,5
159569,5
46240,-1
67485,5
4939,5
152414,5
172263,5
182927,-1
118924,-1
91432,-1
94514,-1
26273,5
152404,5
66512,5
39435,5
71615,5
88279,-1
144361,5
136665,5
67429,5
87300,5
182997,5
20331,-1
71687,5
83708,-1
166351,5
179941,5
80681,5
194424,5
166374,-1
166339,5
103616,5
124344,5
13160,-1
20398,5
183255,-1
50965,5
13176,5
199442,-1
94410,5
80935,5
51500,5
17278,-1
133876,5
199582,5
171865,5
29476,5
136405,5
22860,5
66703,-1
91736,-1
75372,5
8775,5
114015,5
98200,5
60102,5
59570,5
59479,5
135035,5
60325,5
88469,5
134032,5
187411,5
113366,1
161149,5
58833,-1
159632,5
59542,5
133099,5
160265,5
38700,-1
133115,-1
39709,-1
187425,5
87869,5
175027,-1
8459,5
75920,5
204108,5
76719,-1
204245,5
131792,5
196946,-1
39620,5
196671,5
204094,5
38743,5
132935,5
113691,-1
187444,5
87933,5
75387,5
8493,5
133279,-1
88713,5
58808,-1
113422,5
39106,5
134187,5
38297,5
159040,5
113399,5
88510,5
25882,1
175837,5
15793,5
134996,5
176241,-1
16245,5
114526,5
135168,5
25874,-1
134070,5
58734,5
89055,5
135197,5
88234,5
38717,5
114544,5
75874,-1
113800,-1
161098,5
88471,5
132373,5
203625,5
133302,5
2734,5
203946,5
16249,5
97843,5
160080,5
132993,6
76742,5
38913,-1
159062,5
88912,5
88919,-1
132242,5
134729,-1
187257,5
175193,-1
134479,5
175437,-1
38481,5
133872,5
26235,-1
38578,5
60546,-1
175135,5
59071,-1
59470,-1
88584,5
38574,5
25979,-1
175776,5
59643,5
133596,5
113594,5
98147,-1
196501,-1
113581,5
114158,5
98344,5
188228,5
187231,6
113960,5
88924,5
175207,5
187545,5
97424,5
76587,5
60964,-1
88086,5
60564,-1
8836,5
132015,5
8383,5
159254,5
187328,5
175384,5
38536,5
187591,-1
176075,5
187595,-1
160373,5
88889,-1
113944,5
38903,5
204036,5
132060,5
38528,5
39881,-1
38914,5
114321,5
175756,-1
160422,5
59726,5
97762,-1
188261,5
159767,5
134514,5
38882,5
26001,-1
98364,-1
131985,5
160343,5
75784,5
16746,5
131995,5
113492,5
16742,-1
26262,5
188285,-1
16154,-1
187543,-1
16192,-1
60701,5
87984,5
38822,5
133401,5
60016,5
187525,5
175494,5
197175,-1
39306,5
8755,-1
187397,-1
98391,5
98320,5
160386,5
114493,-1
134327,-1
87990,5
40025,-1
113632,5
16848,-1
16214,-1
203821,5
175257,-1
2784,5
88376,-1
196763,-1
132340,-1
26353,5
160014,5
160009,5
75399,3
76309,5
26349,5
59602,5
97320,5
187175,-1
88750,-1
132522,5
133453,5
133498,-1
97815,5
175090,5
76189,5
176130,5
159150,5
88780,-1
203678,5
188041,5
2719,2
58963,5
39511,5
175460,5
39969,5
39821,5
26694,-1
131942,5
97722,5
76610,-1
132572,5
134371,5
75836,5
88244,-1
8436,-1
114107,5
16119,5
39999,-1
61239,-1
113231,5
88243,5
134828,5
188398,-1
88361,5
98336,5
87995,-1
88767,5
160299,-1
132568,5
159667,-1
48305,5
161155,5
167231,6
33368,5
67243,5
124369,5
67275,5
29464,5
167175,-1
12887,5
67290,-1
29474,5
124329,5
194245,5
206130,5
91763,-1
168041,5
71685,-1
10758,5
167257,5
118818,5
33219,5
71664,1
167328,5
124113,-1
167397,-1
167411,5
94039,-1
67238,-1
124384,-1
124388,5
172049,5
94308,-1
118540,-1
166627,5
66957,5
124655,5
124654,5
29330,-1
66985,5
91622,5
206075,5
91639,-1
71855,-1
166822,-1
71836,5
12984,5
94216,5
67126,-1
67128,-1
191702,5
166910,-1
91699,5
171929,-1
33432,5
33421,-1
67527,-1
29551,-1
167425,5
194094,5
192049,5
93939,5
123655,5
67879,5
123636,-1
119189,-1
123603,5
91945,-1
119200,-1
206277,-1
594,-1
590,-1
123558,5
171517,-1
93895,5
67945,5
71349,5
93886,-1
91992,5
92026,-1
93845,-1
32607,-1
194036,5
67819,-1
12696,5
71589,5
119133,5
167444,5
67550,5
33019,-1
191929,-1
124007,5
118972,-1
33006,-1
171702,5
123952,5
118987,5
167525,5
167543,-1
12754,5
167545,5
119079,-1
32961,-1
123871,-1
167591,-1
167595,-1
32921,5
194108,5
29637,-1
123780,5
206241,-1
12703,5
94325,5
33749,5
191517,-1
34570,-1
1040,5
34540,5
125807,5
125804,5
13478,5
94714,5
94712,5
13468,5
94699,-1
94697,-1
205756,-1
66165,5
118020,5
10390,5
191079,-1
165743,5
94681,5
205776,5
118046,5
94657,-1
165773,-1
94642,5
34563,5
172498,5
118113,5
72540,5
117562,5
126281,-1
13674,5
194832,1
65723,-1
13661,5
172639,-1
126214,5
190812,5
65777,-1
65798,5
190836,-1
190863,5
126075,-1
34704,5
190880,5
190888,-1
172556,5
65956,-1
91220,-1
34639,-1
117791,-1
165544,-1
125936,-1
194597,5
194590,5
166541,5
172227,-1
166218,5
125241,5
125210,4
172197,-1
125145,5
91501,5
118342,5
166299,5
125109,5
34007,5
33969,5
72048,5
125035,5
191444,5
125001,-1
13152,5
71997,5
166460,5
124833,5
166489,-1
91556,-1
166499,-1
194380,5
166216,5
13249,-1
165860,5
172236,5
118142,-1
205837,5
191172,-1
118175,5
172350,5
165953,-1
194541,5
165980,5
165989,5
94567,5
165997,-1
165998,5
13328,-1
194531,5
191232,-1
94555,5
172282,-1
29101,5
172271,5
194507,-1
10520,5
29121,-1
125263,5
91461,-1
72114,5
10947,5
544,5
114644,5
11952,-1
121889,5
121874,-1
31559,-1
30264,-1
121869,5
230,6
121864,-1
30283,-1
170812,5
93297,-1
69301,5
69332,-1
542,-1
120120,-1
193625,5
31390,5
193607,5
92584,5
11363,5
174,-1
121698,5
120178,5
206763,-1
31310,5
169247,5
69196,5
121901,5
170836,-1
30187,-1
69032,5
69033,5
31714,-1
169088,5
122120,-1
256,5
192737,5
92455,-1
170888,-1
206671,5
170880,5
93369,-1
122101,-1
120018,-1
170863,5
11283,5
169139,-1
169142,-1
193678,5
69137,5
121967,1
121960,-1
70650,5
120189,5
193584,5
93190,5
69794,5
170013,5
121113,-1
92783,-1
92824,5
30855,-1
120481,-1
70243,5
70231,5
206946,-1
170471,5
170198,-1
120877,-1
170241,5
70007,5
70009,-1
193409,5
193302,5
120824,5
11595,5
120769,5
170356,5
70080,-1
30666,5
92919,5
193172,5
30971,-1
121517,5
69760,5
69514,5
121488,2
93146,5
121483,5
69538,5
169720,2
193537,5
169735,5
92673,-1
193050,5
169785,5
11422,-1
170623,-1
30462,5
69623,5
70398,5
70388,5
31030,-1
193499,-1
121298,5
69675,-1
170587,5
193477,5
93065,5
30985,5
69009,5
11254,-1
122214,-1
68214,-1
168285,-1
92144,5
12439,-1
32352,5
93718,-1
192350,5
29913,-1
93714,5
11057,5
119544,-1
32279,5
171232,-1
443,5
11059,5
123040,5
168398,-1
32256,-1
424,5
68343,5
71080,-1
71079,5
11072,-1
32233,5
93663,5
193946,5
32394,5
410,5
168261,5
93834,5
192197,-1
32548,5
10964,-1
171444,5
119374,5
123356,5
93826,-1
123332,5
192227,-1
524,5
92052,-1
92077,5
123282,-1
92081,-1
192236,5
123255,5
68137,5
68143,-1
93768,5
93759,-1
168228,5
192271,5
71183,-1
192282,-1
29954,5
206501,-1
168992,5
192556,5
12222,-1
119794,-1
31941,5
119813,-1
327,5
122542,-1
68726,5
11188,5
12185,-1
122460,-1
122401,5
70789,5
168838,5
122362,5
11219,5
168854,-1
192639,-1
31861,5
122290,5
122283,-1
68922,5
168961,5
11248,5
168989,5
92429,5
122609,-1
119731,5
11080,5
193821,5
396,-1
71057,5
12347,-1
119609,5
171172,-1
32137,5
119638,5
122878,5
68464,5
68470,5
168597,-1
119681,-1
70972,5
122801,-1
68534,-1
192498,5
122766,5
168671,-1
30049,5
32017,-1
93510,5
171079,-1
72752,-1
65671,-1
91091,-1
162646,5
195837,5
89766,5
129771,-1
37145,5
74357,5
74354,-1
62886,5
189247,5
162609,5
62902,5
195776,5
34918,5
62940,5
89809,5
37052,-1
37049,-1
15039,5
62963,5
74293,-1
195756,-1
115776,5
37013,5
63056,-1
115801,5
162538,5
62847,-1
37183,5
89735,5
96470,5
130006,5
96462,5
96456,5
37303,-1
96431,-1
189139,-1
96419,5
1960,5
189142,-1
74445,-1
162394,5
162398,3
89712,5
37242,5
15124,5
62776,5
15119,-1
62798,-1
15106,5
115629,5
174245,5
129859,5
63097,5
14977,5
9500,-1
63328,5
14863,5
36779,-1
89980,-1
116030,5
163053,-1
90000,5
90002,5
36725,5
63464,5
74007,-1
128973,5
27758,5
173946,5
27768,5
14764,5
116135,5
36628,5
63596,-1
96036,5
128825,5
36569,5
128812,5
162978,-1
27694,5
36935,5
129227,5
174108,5
115819,5
1853,-1
89879,5
27618,5
174094,5
129452,5
63150,5
204832,1
129417,5
1837,5
129416,5
27643,5
115884,5
115892,5
14914,5
74160,5
36868,5
96158,-1
27670,5
129303,-1
74132,-1
89941,5
174036,5
96130,5
1988,5
1991,5
131151,5
27059,5
9074,5
188671,-1
75049,-1
97004,-1
130971,5
27101,5
96999,5
204380,5
9129,5
161726,5
62018,5
89320,-1
15508,-1
196130,5
62088,-1
161778,5
74946,-1
130677,5
15464,5
62136,5
174597,5
62159,-1
130637,5
161513,5
89195,5
188838,5
114836,5
161163,-1
75268,5
97236,-1
161198,5
26929,-1
61560,5
161210,5
15725,5
15721,-1
131466,-1
196277,-1
89114,5
114714,5
188597,-1
75199,5
196241,-1
61691,5
15657,5
114767,5
174832,1
161358,-1
61727,5
161398,5
27019,5
2246,5
74896,5
2141,-1
15173,5
115344,-1
130358,-1
204531,5
96687,5
188961,5
62396,5
204541,5
130349,5
188989,5
188992,5
62471,5
15272,5
89549,5
204590,5
89570,5
162185,5
204597,5
162186,5
130256,-1
174380,5
27373,-1
15238,5
15220,5
189088,5
96551,-1
9276,-1
204507,-1
174590,5
62361,5
2138,-1
74886,5
62192,5
188854,-1
196075,5
27220,5
74858,-1
96813,5
74813,5
174541,5
62263,-1
161945,5
130533,5
96740,-1
9240,-1
174531,5
74775,5
174507,-1
96710,-1
115279,-1
89475,-1
130428,5
2087,5
36539,-1
36535,5
36531,-1
28383,5
95251,5
117044,5
117055,5
64827,-1
95210,5
35597,5
195135,5
14084,5
73188,5
173172,5
190356,5
35562,-1
64931,5
164483,-1
73172,-1
28459,5
64966,5
117110,5
195090,5
205384,5
164583,5
14017,5
73124,-1
117137,-1
126982,5
64773,-1
127353,5
117185,5
35661,5
116921,5
164127,5
90605,5
95322,5
64598,5
35774,-1
127592,5
164197,5
164213,5
173302,5
127529,-1
190198,-1
64660,5
90654,5
1397,-1
35717,-1
95277,5
95260,-1
14178,-1
190241,5
9945,-1
73279,5
28368,5
14155,-1
173050,5
35410,5
35809,5
1227,5
28649,-1
164917,-1
190623,-1
65413,-1
126615,5
65425,5
72884,5
90987,-1
165059,5
94970,-1
35014,5
165082,5
126484,5
117479,5
34990,-1
65587,5
34970,5
94931,5
28724,5
94927,5
172737,5
94905,-1
34919,5
117539,5
13830,5
65360,5
190471,5
13845,-1
117214,5
164701,5
13967,-1
35346,-1
1284,-1
73050,5
10083,5
205437,-1
117243,5
164757,5
35297,5
73035,-1
205460,5
126849,5
195027,-1
1260,5
72990,5
28579,-1
72959,5
35239,4
13874,5
205494,5
190587,5
28293,5
128742,5
73747,-1
90192,5
163627,-1
36304,5
36303,5
90197,5
116367,5
173678,5
195437,-1
189785,5
63966,5
36251,5
128371,5
36234,-1
163734,5
205090,5
90258,-1
64031,5
14495,-1
128302,5
28041,-1
9762,-1
195384,5
173625,5
1596,-1
205027,-1
195460,5
173607,5
63892,5
128737,5
9670,5
128708,5
163404,5
63716,5
95969,5
173821,5
90112,5
128611,-1
27882,-1
63787,5
195494,5
14633,5
63801,5
95903,5
90156,-1
1670,-1
189720,2
189735,5
63879,-1
73779,5
116311,5
36169,-1
73332,5
173499,-1
173477,5
90408,-1
35983,5
190013,5
127942,-1
195257,-1
205193,-1
205207,5
73413,5
28215,5
95500,5
163970,5
90508,-1
73391,-1
90518,-1
64463,5
163979,5
173409,5
90552,5
205257,-1
127756,5
195207,5
28280,-1
195193,-1
64334,5
116756,5
73655,5
36024,-1
128240,5
36158,5
64128,5
28076,5
116494,-1
173584,5
163819,5
116585,-1
95759,-1
116615,5
116633,5
205135,5
64236,5
128097,5
95720,5
173537,5
95713,5
64278,-1
95689,5
116733,5
28143,-1
128034,5
73473,-1
64316,5
127668,-1
16638,-1
52746,5
5736,5
44512,5
44517,5
56044,5
177545,5
184036,5
177543,-1
179247,5
198961,5
202737,5
142773,5
19498,5
24829,5
181172,-1
177525,5
52960,-1
108782,-1
108762,-1
185756,-1
81878,5
153679,5
49098,-1
104451,5
110975,5
200623,-1
142713,5
142727,5
182556,5
149873,5
53031,5
146321,5
100495,5
177595,-1
182049,5
138964,5
151100,5
177591,-1
108799,5
108795,-1
5349,5
153684,5
18022,5
52931,5
3586,5
44671,5
6049,5
82660,5
156756,5
153489,-1
102857,5
177444,5
111109,5
153486,-1
17986,-1
156766,5
200241,5
108702,5
138732,5
185837,5
79928,5
183946,5
23401,-1
82663,5
102757,5
42054,5
156681,5
108756,-1
84677,-1
198989,5
198992,5
185776,5
79903,5
142930,5
100432,5
100430,5
100427,5
138792,5
146233,5
138788,5
153511,-1
52851,5
180587,5
139029,5
106004,5
104461,-1
100642,5
84887,-1
198838,5
55697,5
100630,-1
198041,5
55701,-1
106861,5
53206,-1
198854,-1
53196,5
179139,-1
78207,5
86343,-1
102527,5
55731,5
46685,5
142466,5
156297,-1
181079,-1
49284,5
55649,5
109020,5
79642,-1
180623,-1
47484,-1
42445,5
106350,-1
139359,5
42433,5
18229,5
110783,5
201929,-1
105047,5
42417,5
150007,5
42416,-1
179142,-1
55736,5
86354,5
184094,5
24735,-1
149926,5
184108,5
42233,5
79756,5
153763,-1
108862,-1
20712,5
21175,5
49202,-1
53092,5
21918,-1
104474,5
139059,-1
200198,-1
55918,-1
156516,5
3622,-1
102568,-1
24730,5
79708,5
151047,-1
100607,5
7589,5
44377,5
139217,-1
106877,-1
139215,2
106325,-1
6820,5
44412,5
7596,5
84862,-1
79727,5
146409,5
149974,5
53132,5
153810,-1
142612,5
52799,5
100390,5
23399,5
177425,5
199142,-1
157163,5
56661,-1
186075,5
45016,5
6583,5
199720,2
46483,5
137942,-1
151363,5
84383,5
143494,-1
143496,5
137931,-1
7831,1
157235,5
183678,5
25115,5
52327,-1
177231,6
153074,-1
46487,5
177257,5
182639,-1
50385,5
81199,5
4516,-1
103074,5
84441,-1
199735,5
50395,-1
138105,-1
47837,-1
84436,5
25067,5
181929,-1
23247,-1
199139,-1
149654,-1
157152,5
20623,5
137898,5
84320,-1
143773,5
17658,-1
56914,5
199247,5
111599,5
45176,5
80328,5
17641,5
6498,-1
19875,5
203050,5
183625,5
19896,5
99863,-1
137619,-1
25204,5
17620,5
137718,-1
41507,5
103193,5
137854,5
152951,-1
137828,5
6536,5
148349,5
111560,5
146111,5
186130,5
152906,5
149607,5
177175,-1
137781,-1
19862,5
151393,5
137749,5
56887,5
45154,-1
45156,5
23265,-1
143278,-1
6606,5
100253,-1
86606,5
19629,-1
86615,-1
56325,5
44786,-1
17898,-1
138522,5
156865,-1
105286,5
104378,-1
177397,-1
111236,5
200587,5
19639,-1
56421,-1
201702,5
41838,5
199088,5
77931,-1
177411,5
100204,5
111127,5
148094,5
86561,5
108684,-1
153450,-1
4443,5
44719,-1
108652,5
108641,5
17939,5
143030,5
106968,-1
102933,5
6677,5
86589,5
149804,5
138590,5
102953,5
56297,5
138386,5
104375,5
52540,-1
44904,5
153264,5
56509,5
153245,5
41706,5
5048,5
153213,5
3470,5
77813,5
183821,5
103037,-1
46516,-1
6624,5
41675,5
83393,5
80075,-1
149725,5
19675,5
177328,5
84509,5
44842,5
41814,5
100197,5
156960,5
81948,5
17854,5
181232,-1
108546,5
138348,5
138283,5
41769,5
23325,5
111296,5
44848,5
41760,5
41756,5
77844,5
182498,5
42488,-1
142409,-1
46873,5
101407,5
46959,-1
85785,5
43169,4
46952,5
43164,-1
101968,5
185090,5
178285,-1
43143,-1
54791,5
141596,5
3887,-1
18613,-1
109598,5
78701,5
140599,5
154519,5
140687,5
141548,5
146897,5
104805,5
180888,-1
23951,5
178671,-1
5235,5
184597,5
198597,-1
146895,5
200812,5
101890,5
141550,-1
85753,5
184590,5
185027,-1
182271,5
140783,5
155351,5
3879,5
178261,5
155526,-1
155484,5
155494,5
3862,5
7035,5
7379,5
198285,-1
54922,-1
82916,5
140452,4
185135,5
18542,5
101218,5
106714,5
200013,5
54939,5
104948,5
104956,5
110384,5
110328,5
155465,5
155376,5
85843,5
184541,5
150752,5
184531,5
155390,5
22216,5
140570,5
54834,5
43845,-1
83073,5
178228,5
43069,5
184507,-1
18576,5
154401,5
140535,5
21015,-1
85422,-1
5196,-1
180880,5
106595,-1
78918,5
110043,5
182350,5
141358,-1
184832,1
141104,-1
141099,5
150520,5
180836,-1
178597,-1
109778,5
54445,5
141427,5
85607,5
180863,5
182282,-1
18789,5
49788,5
54232,5
85628,5
49719,-1
85573,5
81554,5
20942,5
202282,-1
154925,5
43488,5
180812,5
109959,-1
18869,5
20968,5
20958,-1
81550,-1
202271,5
47088,5
49767,-1
101713,-1
54361,5
202236,5
47121,5
141518,5
78832,-1
18977,-1
155134,-1
54029,5
7093,5
202197,-1
140949,5
78845,-1
198398,-1
140885,5
150479,5
18717,5
23966,-1
5226,-1
146929,5
4078,-1
78821,5
85723,5
101512,5
101834,5
49645,5
54067,5
155064,-1
154716,-1
54470,5
47127,-1
24146,-1
202227,-1
110056,5
43658,5
7107,5
18756,-1
110058,-1
18972,-1
141495,5
7244,5
178398,-1
202350,5
140977,5
49643,5
46874,-1
155564,5
202639,-1
54952,-1
178961,5
139738,5
139736,5
55445,5
23713,5
85068,5
19252,5
79541,-1
139734,5
155997,5
154066,5
44178,5
178989,5
142223,5
178992,5
150097,5
185384,5
154101,5
42664,5
6945,5
100930,5
142144,5
139816,5
40173,-1
147603,5
105009,5
5281,-1
18355,5
146566,5
55431,5
42696,5
104617,5
78354,5
22007,5
47398,-1
4231,-1
156006,5
100804,5
78271,-1
110758,5
199785,5
55580,-1
146479,5
139492,5
55595,5
153992,5
42524,-1
53338,-1
86249,5
19301,5
184245,5
139401,5
150042,5
19323,-1
185494,5
179088,5
139525,5
55557,5
18315,5
81738,5
7530,5
139613,-1
147698,-1
139604,5
18308,5
156023,5
42605,-1
185437,-1
19279,-1
150087,5
42596,5
78297,5
185460,5
7540,5
154028,5
156060,5
21984,-1
142109,-1
85110,5
202556,5
185193,-1
200863,5
182227,-1
85215,-1
141800,5
140344,5
42897,5
155698,5
198228,5
43930,5
185207,5
110484,5
85958,-1
24400,5
42855,5
42854,-1
18471,3
141831,-1
104670,5
141760,5
178838,5
155629,5
182236,5
78593,5
42966,5
102080,5
200836,-1
85230,5
18523,5
81428,-1
198261,5
78580,-1
198671,-1
3835,-1
150267,5
154318,-1
55017,-1
4171,-1
55018,-1
43960,5
3811,5
150947,5
110640,5
184380,5
42781,5
155842,5
200888,-1
50062,-1
109236,5
110636,-1
142039,5
7506,-1
202049,5
18375,-1
139881,5
154193,5
105006,-1
182197,-1
47364,-1
55366,5
110587,-1
19172,5
141873,5
200880,5
49479,-1
47333,5
55117,5
202498,5
101051,5
5270,5
155790,-1
185257,-1
81417,-1
140025,5
55176,-1
20795,-1
109308,5
23789,5
178854,-1
102166,5
140059,5
178041,5
183607,5
24068,5
136487,5
112352,-1
201232,-1
151989,-1
157843,5
183409,5
203172,5
48709,5
181444,5
197525,5
144942,5
158524,5
107129,5
151665,-1
148532,5
45497,-1
107110,-1
45495,5
158543,-1
149412,-1
149436,5
105756,-1
157802,5
80507,-1
197543,-1
41034,-1
197545,5
4928,-1
99479,-1
148522,5
57490,-1
158425,-1
48035,5
201444,5
20084,-1
81101,-1
51775,-1
3240,5
48687,-1
176501,-1
82082,-1
87619,5
182737,5
98870,5
203409,5
8134,5
111921,5
186501,-1
144182,-1
51792,-1
157869,5
158513,5
20281,5
107570,-1
22762,5
136889,5
45949,-1
99556,5
46055,5
51117,5
83806,-1
112422,-1
151920,-1
157715,5
45412,5
87141,-1
3012,5
200356,5
80886,5
8192,-1
87134,5
17480,-1
77463,5
76916,5
149497,5
40344,-1
176946,-1
80902,-1
152658,-1
58332,5
77490,-1
144071,5
41145,5
50492,5
203499,-1
57301,5
135762,-1
17464,-1
45475,5
80856,5
6408,5
107520,5
5555,5
197328,5
41044,-1
45451,5
105717,5
58253,5
82344,5
137053,5
144096,5
41088,5
103352,5
48725,-1
40407,5
6171,5
148514,5
135723,-1
179785,5
51125,5
203477,5
152593,5
41078,-1
46023,5
148877,5
186763,-1
181702,5
50681,5
103618,-1
17233,5
99054,5
176671,5
201079,-1
20234,5
149313,5
197425,5
22822,5
22542,5
158065,5
51445,-1
48131,-1
8089,5
20237,5
151632,-1
77175,5
77263,-1
107210,5
152280,-1
25592,-1
57947,-1
87351,-1
84014,-1
81056,1
144674,5
104128,-1
105613,5
40702,5
104126,-1
45772,-1
99149,-1
105890,-1
48100,-1
145636,-1
152217,5
158256,5
136351,5
158290,5
136269,5
186671,5
77179,-1
145692,-1
51417,5
136402,5
50765,-1
197411,5
107656,5
158147,-1
203302,5
144536,5
197444,5
21639,5
176763,-1
40569,5
99347,-1
48527,5
149260,5
51667,5
145803,5
8026,-1
107189,-1
145595,5
5497,5
149381,5
77312,5
4701,5
107721,5
83894,5
145572,5
148839,5
48047,5
183172,5
157933,5
148840,5
58107,5
103457,5
48484,-1
77108,5
45615,5
152368,-1
48152,5
105592,5
48064,5
152130,5
58003,-1
152290,5
144490,5
183302,5
51311,-1
80788,5
3197,-1
82392,-1
81021,-1
87338,5
136571,-1
180356,5
57632,-1
197397,-1
51297,5
180013,5
22527,5
144834,5
144379,-1
136643,-1
158383,5
181517,-1
45838,5
151878,-1
41027,5
8206,5
87029,5
197595,-1
201172,-1
135474,5
58349,-1
183050,5
201517,-1
5638,-1
183537,5
157530,5
107388,5
103923,-1
186277,-1
149106,-1
149011,5
57046,-1
80393,5
137511,-1
98632,5
46114,5
149529,5
112596,5
183499,-1
179720,2
108061,-1
45319,5
145092,5
137305,5
197257,5
107465,5
135516,5
107458,5
179735,5
48745,5
144030,-1
104283,5
51041,-1
137315,5
157551,5
197591,-1
158787,5
84269,-1
180198,-1
98647,5
103309,-1
112636,5
203584,5
135418,5
83741,5
197231,6
46165,5
200471,5
82314,5
17608,-1
98575,5
203607,5
105491,5
183584,5
22468,-1
17611,-1
3355,5
176277,-1
99844,5
108136,5
151741,-1
50972,5
86969,5
52085,5
40177,-1
6476,5
103276,5
8256,-1
98604,5
99783,-1
145297,5
186241,-1
21346,5
180241,5
148438,5
80377,-1
80376,-1
48325,5
51003,5
135409,5
135407,5
157474,5
98592,-1
52037,5
158871,5
25231,-1
77576,5
76846,-1
6301,5
57238,5
25756,-1
183477,5
58369,5
180471,5
83467,-1
157621,5
186946,-1
108020,5
40322,5
203537,5
41154,5
58358,5
45352,5
105508,5
58371,-1
151709,5
173740,5
36362,-1
45827,5
4119,6
44070,-1
127841,5
150953,5
154167,-1
68193,-1
64008,5
116474,5
180665,5
79101,5
173653,5
23943,-1
46122,-1
163796,5
32415,5
201128,5
122900,-1
67356,5
43566,-1
81357,5
94340,5
83018,5
29274,5
50085,-1
189713,5
122897,-1
36187,-1
123012,5
127801,-1
83727,5
202020,-1
94063,5
146585,5
53537,-1
127805,5
66867,5
191692,-1
51313,-1
199493,5
107370,-1
128488,5
11024,5
35969,5
14517,5
205079,-1
184636,-1
119480,-1
141974,-1
154475,5
80793,5
163599,-1
27925,5
150926,-1
43604,5
33518,-1
12338,-1
171182,-1
83909,5
726,-1
51273,5
167262,5
182925,5
116304,-1
171178,5
171885,5
22292,5
10621,5
79216,5
19191,-1
116828,-1
205017,5
53602,-1
202248,5
85154,5
107601,-1
119604,5
14298,5
141980,5
94079,5
64407,-1
19177,5
173452,5
167259,5
202136,5
43773,5
92265,5
44141,5
191905,5
22619,5
173356,5
179986,5
19257,5
202156,-1
22570,5
66823,5
128368,5
95809,5
106662,-1
81507,-1
144748,5
73337,5
101894,5
184773,5
204998,5
22574,5
127700,5
73323,-1
154532,-1
81341,5
124338,5
46153,5
173644,-1
101696,5
101699,5
116429,-1
66792,-1
184775,5
142234,5
206186,-1
191907,5
46150,5
14221,5
29247,-1
22194,-1
6296,5
152191,5
67145,5
154095,-1
67353,5
35904,5
23731,5
64491,5
109925,5
95401,-1
173398,5
154823,5
35876,5
191480,-1
32238,5
123230,-1
23730,5
46732,-1
20889,-1
79012,-1
79021,5
163762,5
66845,5
116470,-1
109139,-1
46741,-1
29868,-1
43612,5
840,-1
116898,5
202169,5
178962,5
103887,-1
36395,5
83711,-1
171154,5
64535,5
35837,5
144754,5
32444,-1
116909,5
4235,5
50997,5
102258,-1
127759,5
53479,5
79209,-1
206178,5
119428,5
116428,-1
178922,-1
164052,5
142169,1
94358,5
109321,-1
173465,-1
20791,-1
154246,-1
194205,-1
43900,5
95749,5
67201,5
12841,5
124288,5
36163,5
128122,-1
4153,5
166999,-1
4906,5
94093,5
79329,5
5924,5
53831,-1
67025,5
183126,5
79321,5
201120,6
64195,5
67167,5
151698,-1
171236,5
182359,5
11051,-1
67016,-1
83776,-1
201236,5
168354,5
102083,5
28120,-1
151935,-1
68385,-1
5155,-1
103798,5
64254,-1
85245,-1
83643,-1
163837,5
141742,5
50923,5
171907,5
202202,-1
102072,5
33631,5
145122,5
85242,5
29408,-1
178655,-1
33201,5
83828,5
79174,5
32278,5
20856,-1
7040,5
91646,5
12864,5
128389,5
94099,5
79284,5
51156,-1
146914,5
205056,-1
11065,5
124608,5
71842,5
90288,-1
150754,5
80865,5
107518,5
141654,5
141652,5
63954,-1
4904,5
49825,5
79281,5
22178,5
13005,5
91641,5
20908,5
73594,-1
5168,5
166958,5
67075,5
33886,5
166951,-1
64186,-1
79170,-1
94163,5
29510,-1
5940,5
124283,5
83842,-1
721,5
198655,-1
201178,5
101826,5
145550,5
146779,5
183163,5
127988,5
199617,5
64337,5
205177,-1
71721,5
85180,-1
46810,5
23947,5
180209,5
83164,5
45879,5
109730,5
103989,-1
184630,5
13063,-1
118774,5
85194,-1
83623,-1
10645,5
79376,5
201182,-1
14327,4
23999,5
166661,5
90280,5
63886,5
5201,-1
787,5
7065,5
83899,5
45873,-1
180682,-1
4884,5
91604,-1
51270,-1
46801,5
201154,5
127965,-1
184554,-1
28177,5
163915,5
33378,5
64366,5
67157,-1
91793,5
141882,-1
73468,5
145568,5
4127,5
90357,5
22781,-1
33530,-1
172020,-1
124666,5
191885,5
192359,5
107586,-1
144878,5
171905,5
183052,5
150668,5
6162,5
102099,5
51228,-1
64275,-1
33654,-1
36062,-1
49922,5
14564,5
28061,5
53924,-1
182941,5
36173,-1
33673,-1
128459,5
146659,-1
189986,5
141480,5
20809,-1
189757,-1
128258,-1
4181,-1
178824,-1
45882,5
6159,-1
10791,-1
180202,5
20332,-1
95652,-1
183160,-1
23820,5
1654,-1
73475,5
5135,5
4177,5
50024,-1
11069,-1
20808,-1
34535,5
64600,5
34998,5
45381,-1
190665,5
81215,5
72840,-1
205619,5
190682,-1
80481,5
165862,5
93898,-1
4479,-1
13738,-1
165856,-1
191154,5
183465,-1
145954,5
179757,-1
165875,5
44798,-1
179398,5
167889,5
180533,5
143035,5
126550,-1
52724,5
84223,-1
191178,5
183452,5
44825,5
143114,5
84215,5
183871,5
94611,-1
194066,5
108021,-1
28739,5
191120,6
146170,5
23292,-1
201480,-1
52555,5
167841,-1
94644,5
32901,5
123790,-1
165170,-1
84258,-1
23053,5
191128,5
153219,5
146171,-1
28722,-1
201692,-1
23042,-1
6652,5
119221,5
52661,-1
194899,5
153274,5
206231,-1
125601,5
65623,-1
6643,-1
65624,-1
34363,5
123548,5
205838,5
45479,5
165956,5
164875,5
180547,5
65381,5
46569,5
125453,-1
71326,5
145927,5
66363,5
119252,5
83489,-1
13824,5
123501,5
123504,-1
44718,5
190604,5
180550,5
20022,-1
84190,5
84635,-1
205850,5
192136,5
6051,5
164834,5
190582,5
66382,-1
206288,5
19581,5
72224,5
29755,-1
29619,-1
13346,5
126674,5
199051,-1
190618,-1
172359,5
118171,5
13363,5
65445,-1
104225,5
65447,5
44784,5
28675,-1
50363,5
35069,5
67714,5
191182,-1
90988,-1
72851,-1
13778,-1
200963,5
194554,-1
583,-1
102910,5
164935,5
165947,-1
32922,-1
167911,-1
143018,5
72231,5
67948,5
123533,-1
151254,-1
45429,5
144094,5
91364,-1
13801,5
54298,5
44744,5
19719,5
50376,5
194839,5
192020,-1
167722,5
13566,-1
108238,-1
52230,5
103188,-1
19853,5
179617,5
13549,-1
123727,5
152900,-1
32887,5
117789,5
152890,-1
34672,1
183653,5
183644,-1
29675,5
146116,-1
34699,-1
117974,-1
72640,5
6464,-1
72636,5
143651,5
91216,5
167727,-1
65895,-1
22458,5
32888,5
117961,5
46436,5
94708,-1
52536,5
34547,5
45189,5
199253,-1
1045,-1
28906,5
123749,5
28928,5
190997,5
117918,-1
66073,5
143818,-1
165625,-1
45217,5
71438,-1
10337,-1
45188,5
117927,-1
200997,5
190963,5
143741,5
52168,5
66113,5
10352,5
125915,5
72545,5
205743,5
50436,5
143776,5
5019,-1
199713,5
10319,5
10346,-1
52276,-1
52289,5
152788,-1
52478,5
65725,-1
91306,-1
194813,5
83443,-1
108433,5
107077,5
13652,5
84265,-1
167788,5
183740,5
1103,5
72709,-1
152735,-1
6451,5
91122,5
80245,5
117591,5
179493,5
94893,-1
103317,5
104248,-1
83412,-1
29704,5
44950,5
1117,-1
151322,5
146024,5
32749,5
123642,-1
71378,5
10254,5
44999,-1
67822,-1
108403,5
194636,-1
65844,-1
179713,5
108351,5
45067,5
152762,5
84285,5
126062,-1
28837,-1
72420,-1
84356,5
152972,5
194773,5
51975,-1
194775,5
91156,5
13447,-1
13445,5
194630,5
45017,5
117634,-1
1005,-1
20627,5
103133,-1
123659,5
19968,5
126182,5
103121,-1
65307,-1
93976,5
166435,-1
103549,5
153873,5
201905,5
33002,-1
168118,-1
125136,-1
123334,-1
172169,5
127293,5
108923,5
125142,5
127284,5
888,5
14103,-1
64799,5
183297,5
35648,5
127378,5
107704,5
46318,5
28379,-1
201907,5
108990,-1
117042,-1
172156,-1
108966,3
145758,5
53234,5
64786,-1
14102,5
1353,5
198824,-1
167540,-1
173160,-1
168104,5
72102,5
528,-1
28438,5
125239,5
68063,5
95182,5
164475,5
6125,5
529,5
144365,-1
64935,5
172202,-1
164469,5
80645,5
95208,5
171692,-1
29162,5
29161,5
19398,-1
73198,-1
167529,-1
173163,5
107781,5
152338,5
142577,5
107789,5
167530,5
201885,5
143874,5
172925,5
173297,5
28326,-1
179051,-1
195177,-1
50726,-1
93789,5
32468,5
144654,5
145678,5
190202,5
66724,-1
190209,5
116962,5
28339,-1
206194,5
64635,5
23655,5
72028,5
53419,5
154033,5
35773,5
64615,5
19270,5
71210,-1
94027,-1
146495,5
192248,5
144695,5
102339,-1
53400,-1
83555,5
44241,5
125071,-1
142442,5
33966,5
84021,5
180618,-1
23620,-1
144604,5
29200,5
84026,5
12516,-1
106846,-1
72055,-1
6870,5
172136,5
184205,-1
51483,5
127418,5
127437,5
166372,5
64696,-1
119397,-1
109042,5
33948,5
104146,5
66707,5
50685,-1
10979,-1
93796,-1
124008,5
102431,-1
33959,5
83546,-1
102439,-1
64936,-1
23553,-1
164498,-1
52943,-1
194041,5
191236,5
142807,5
10941,-1
126880,-1
79840,-1
168006,-1
19505,5
102717,-1
192156,-1
183398,5
35288,5
167584,-1
152455,5
195056,-1
126822,-1
104431,-1
29781,-1
65128,5
192169,5
84150,5
35331,5
22386,-1
106923,-1
198962,5
179253,-1
171480,-1
151159,-1
151166,5
23477,-1
144176,5
126820,-1
180604,5
194998,5
67702,-1
35248,-1
172941,5
52894,5
164807,5
142882,5
190547,5
84642,-1
46388,5
6397,5
19566,5
65299,5
190550,5
95064,5
44619,5
144154,5
10489,5
6739,5
190533,5
32949,5
118221,-1
195017,5
151195,5
10483,5
50330,-1
51811,5
29610,5
19540,5
84757,5
153665,5
50603,5
152396,5
153729,5
142702,5
127142,5
123377,-1
125260,5
142708,5
50255,-1
64973,5
72115,5
184066,5
19460,5
6355,5
199398,5
123398,5
123375,5
45572,5
192202,-1
104203,5
66539,5
151092,5
117090,5
173126,5
95180,5
90762,5
123921,1
910,-1
22363,5
164546,5
84810,5
19449,-1
123899,5
142732,5
539,-1
117193,5
164627,5
173052,5
44510,5
13990,-1
106922,-1
184041,5
73068,5
198922,-1
23495,5
142756,5
94536,5
90843,-1
13972,5
45580,5
107858,-1
10046,-1
146288,-1
46370,5
126980,5
80588,-1
51714,5
168046,-1
125287,5
119341,-1
183356,5
195079,-1
180582,5
199757,-1
172248,5
4691,-1
49580,5
80932,5
36427,-1
181905,5
17662,5
26599,-1
160517,-1
88697,5
21318,5
114017,-1
60759,5
41485,5
170665,5
188104,5
181907,5
160546,5
188118,-1
38760,-1
30399,5
70472,5
2492,5
200547,5
88673,5
69552,5
17639,-1
169713,5
186194,5
38852,-1
38850,-1
30414,5
137673,5
186186,-1
188046,-1
149605,5
157342,5
186178,5
204066,5
38823,5
17696,5
41486,-1
8742,5
70490,-1
111485,-1
111477,-1
97620,5
16023,5
170682,-1
48886,5
86826,-1
169617,5
81996,-1
47857,2
56716,-1
47839,5
197722,5
121525,-1
41582,5
132305,5
11391,5
75635,5
132348,5
26656,5
56762,5
26653,-1
26631,5
200550,5
132394,-1
86869,-1
25130,5
7838,5
106056,-1
132381,5
111504,5
75682,5
121499,5
88737,5
157246,5
120224,-1
132372,5
38868,-1
203052,5
131369,5
137296,5
88519,5
77506,5
87060,-1
187889,5
60410,5
75873,5
75871,5
60429,5
57177,5
97827,-1
88528,5
25287,5
57171,5
132929,5
187911,-1
77527,-1
137328,5
31094,5
170618,-1
120310,5
137261,5
197584,-1
160155,5
60307,5
48732,5
41142,-1
2616,5
160188,3
60344,-1
157680,5
88482,5
121371,-1
137190,-1
187841,-1
137226,5
160211,-1
157666,-1
203126,5
57122,5
160287,5
132610,5
181885,5
160338,5
186231,-1
132666,-1
188006,-1
132660,-1
193052,5
132653,-1
17600,5
169757,-1
69584,-1
38906,5
105996,5
41348,5
56985,5
132626,5
204041,5
132623,5
157421,5
113916,5
160336,5
57026,-1
7898,5
97826,5
47929,5
26491,5
160296,-1
149536,5
16203,5
186288,5
16197,5
160298,-1
132851,5
137488,-1
41286,-1
160307,5
60501,5
200533,5
196633,5
38967,5
60930,-1
7812,5
41950,-1
56272,5
175017,5
100340,5
47695,0
131661,5
56244,-1
26886,-1
3546,5
161114,-1
114614,-1
161119,5
200604,5
174998,5
148102,-1
15762,5
3549,5
138677,1
185850,5
100319,2
89053,5
197841,-1
156839,5
88987,-1
138422,5
111217,-1
69375,5
77929,-1
49752,-1
92572,5
175056,-1
148150,5
89016,-1
138528,5
86614,-1
131733,5
77943,-1
3532,5
38329,-1
26867,5
197889,5
77991,-1
160733,5
148078,5
38195,5
193644,-1
69296,-1
131430,5
181182,-1
21226,5
181178,5
61621,-1
89113,-1
38248,5
114711,-1
5358,5
174899,5
89118,5
56111,-1
182020,-1
197911,-1
196288,5
138777,-1
111097,5
131463,5
131543,5
69327,5
169398,5
75300,-1
185838,5
30303,-1
56167,-1
70597,-1
86521,-1
21859,5
97221,-1
131507,5
78012,-1
56153,-1
42024,-1
97220,-1
197788,5
148159,5
131842,5
132133,5
114191,5
138130,5
8837,5
132180,-1
175177,-1
15953,5
41655,5
132124,5
192925,5
38547,-1
88851,-1
114215,-1
26742,5
202925,5
8849,5
97515,5
149693,5
177262,5
26719,5
114169,-1
88788,-1
197727,-1
56627,5
75609,-1
202941,5
47830,1
88817,5
26704,-1
111438,5
17777,-1
69478,5
132260,5
132256,5
132234,5
60986,5
177259,5
61062,5
77803,5
132103,-1
188354,5
97414,5
181236,5
148199,5
192941,5
75473,5
48978,-1
105300,5
148167,5
114419,5
114435,5
41832,5
82619,5
169493,5
204205,-1
175079,-1
200582,5
114375,5
48965,5
148222,-1
111364,-1
77808,-1
31294,5
148283,-1
2397,5
138222,5
61094,5
120186,5
77838,5
41712,5
7774,5
75488,-1
81959,5
7772,5
88908,5
88910,5
56487,5
113797,5
92708,5
48445,-1
39870,-1
135791,5
134594,-1
87641,5
16718,-1
48230,5
120553,5
26039,5
17147,5
113208,5
48457,-1
134486,5
181692,-1
77090,5
158439,-1
112288,5
88096,5
203398,5
170202,5
58191,5
59133,5
25673,-1
48431,-1
158551,-1
134685,5
113036,-1
134679,-1
203452,5
88065,5
159245,5
25681,5
170209,5
88071,5
134641,5
134378,5
135920,5
39691,5
158317,5
120988,-1
203356,5
98302,-1
149281,5
25585,5
57891,-1
105615,5
181480,-1
30827,-1
39690,5
40648,-1
121003,5
48123,-1
69868,5
88175,-1
69865,5
159499,5
48145,5
16637,5
17209,-1
120467,-1
112237,5
149252,5
203740,5
134359,5
40563,5
135992,5
159400,-1
134347,5
48538,5
39748,5
148768,5
40592,5
59332,5
69904,5
39743,5
40597,5
11491,2
112363,5
77003,-1
48424,5
70189,-1
58812,-1
70176,-1
149005,5
193398,5
176194,5
112842,5
176186,-1
135515,5
30772,-1
159063,5
2985,5
87955,-1
48266,1
176178,5
203653,5
134908,5
40049,5
159031,5
112799,-1
82330,5
135421,5
25837,5
58606,5
158895,-1
135212,5
87875,5
25824,5
135392,5
176288,5
120690,-1
58672,-1
40122,-1
176231,-1
193356,5
158864,-1
135410,5
58738,-1
203644,-1
197259,5
135527,-1
197262,5
25733,-1
58955,-1
112887,5
112437,-1
39968,5
158609,5
158605,-1
148938,-1
76970,-1
112936,5
8176,-1
193297,5
40408,5
187259,5
76530,5
187262,5
203465,-1
148957,5
30755,5
25920,5
135657,5
58878,5
98440,5
25923,5
40037,5
58406,-1
25763,5
40031,5
87985,-1
25931,5
40304,5
134878,5
58370,-1
134856,5
48363,5
105675,5
70015,5
57881,-1
48111,-1
133112,5
203871,5
57508,5
59849,5
159865,5
148560,5
113572,5
113579,5
82080,5
77370,5
159899,5
203163,5
7997,5
25407,-1
113626,5
57440,-1
120393,5
111862,-1
59979,-1
69710,5
40933,5
149394,5
57509,5
39439,-1
70337,-1
59764,5
175743,5
133675,-1
136731,5
157934,5
59809,-1
11726,-1
8016,5
76110,5
26291,-1
57541,5
76085,5
133626,5
136762,-1
157832,5
193126,5
88181,-1
41083,5
87160,5
160089,5
77460,5
133254,5
16325,5
157733,5
87154,-1
99595,5
39191,-1
187722,5
160119,5
92715,5
187788,5
170604,5
121341,5
88459,-1
57280,-1
175619,5
113699,5
99587,-1
170582,5
197529,-1
197530,5
133353,5
203160,-1
99533,5
197540,-1
187727,-1
98010,5
137047,5
8618,5
60113,-1
157764,5
149466,5
87179,5
60132,5
21713,5
39441,-1
82090,5
25464,5
76205,5
11696,5
98202,5
134034,2
113418,-1
99196,5
57763,5
203297,5
98192,5
57744,-1
136464,-1
175838,5
186633,5
48638,5
11472,5
39576,-1
57731,-1
48632,5
39612,5
40733,5
175850,5
39662,5
193452,5
158221,-1
148635,5
134159,5
99085,-1
159528,5
2756,-1
176633,5
158203,-1
57827,5
88202,5
26170,5
8078,-1
57727,5
48076,5
133972,5
40858,-1
113454,5
3201,5
77290,5
57634,5
57623,-1
57622,-1
169986,5
193160,-1
57617,5
99311,5
121156,5
170547,5
3208,5
187584,-1
59710,-1
170550,5
2712,5
88254,-1
193465,-1
70332,-1
193163,5
8055,-1
170533,5
187529,-1
76194,5
187530,5
26222,5
87357,5
39534,5
48668,5
158010,5
30947,-1
93031,5
187540,-1
136541,5
159710,5
112063,-1
15683,-1
15823,5
89648,5
168962,5
100866,5
155963,5
198104,5
86152,5
63395,5
86138,5
89562,-1
162201,-1
89589,-1
198354,5
24219,5
62528,-1
189051,-1
89566,5
62499,5
15279,5
177911,-1
63398,5
155987,-1
55447,-1
18334,5
2050,-1
185017,5
85748,-1
96613,-1
78344,5
42660,5
37463,5
96610,5
42687,-1
130157,5
182169,5
147601,5
70744,-1
206633,5
150182,-1
55380,5
180997,5
15170,-1
3581,5
12101,-1
96108,5
204899,5
93435,5
185056,-1
204636,-1
204630,5
139834,-1
18359,-1
78364,5
15192,-1
110179,5
96107,-1
31982,5
49412,5
168922,-1
15207,5
162242,5
163025,5
82941,5
200682,-1
62584,-1
155936,5
204554,-1
139727,5
122707,-1
62346,5
74729,5
78272,5
177788,5
73994,-1
62334,-1
139500,5
140471,5
7553,-1
37615,-1
156066,-1
89489,-1
162012,5
37602,-1
162017,4
202359,5
54606,5
85742,5
100711,5
74798,5
89419,5
169051,-1
89429,5
69027,5
199986,5
27263,-1
261,5
100734,5
18247,-1
14782,5
55638,-1
110769,-1
178354,5
63467,-1
42562,5
129067,5
47184,5
156002,5
86212,5
15305,-1
15303,-1
9287,5
140849,-1
156052,5
139663,-1
24550,-1
129070,5
177889,5
140848,5
74641,5
140851,-1
182156,-1
188962,5
89508,-1
189493,5
177841,-1
129043,5
68980,5
115358,-1
110115,-1
139537,5
195619,5
184998,5
188922,-1
78810,-1
182136,5
92392,-1
198118,-1
24187,5
189253,-1
62901,5
74337,-1
47237,5
110468,5
122400,5
129732,5
185177,-1
78671,-1
55005,5
204773,5
78570,5
204775,5
193740,5
140354,-1
150383,-1
96332,5
129779,5
74358,5
31944,5
178104,5
101129,5
1921,-1
18601,-1
96331,-1
178118,-1
140345,5
122555,2
174205,-1
162841,5
55027,5
115747,5
15028,5
180963,5
155557,5
119854,-1
63052,5
195743,5
22074,-1
155481,-1
122554,-1
27592,5
122514,-1
36959,5
204813,5
85862,5
89837,5
21029,5
140440,5
182248,5
74291,-1
150303,-1
18573,-1
27625,5
110309,5
5247,5
110292,5
110411,5
101199,5
129648,5
168824,-1
170997,5
43109,5
68597,-1
129943,5
1961,5
31853,5
18637,5
110615,-1
129283,-1
129953,5
182202,-1
62746,5
81686,5
86032,-1
78713,5
178046,-1
55205,5
85787,-1
55292,-1
204839,5
178006,-1
139890,5
15164,5
162330,5
86089,5
15161,-1
89680,5
78392,5
170963,5
68892,5
55310,5
68603,5
70768,-1
129907,5
174041,5
110571,5
18463,-1
150228,5
110518,5
115632,5
101080,-1
85966,5
78698,-1
140229,-1
62774,5
21006,5
129815,5
174066,5
129805,5
195838,5
119790,-1
96162,-1
115615,5
122635,-1
1823,-1
86000,5
115929,-1
47212,-1
68642,-1
42815,-1
24437,5
189398,5
155801,-1
185079,-1
195850,5
140639,5
156206,5
12273,5
139120,5
68501,5
61859,5
169253,-1
154990,5
20975,-1
163339,5
31588,-1
69197,5
200202,5
7635,-1
189617,5
196178,5
69191,-1
97048,-1
116220,5
120069,5
171128,5
196186,-1
49671,5
27048,5
149859,5
181154,5
138959,5
7204,-1
110040,5
138970,5
68496,-1
200618,-1
75109,5
73871,-1
196194,5
61813,5
18090,5
105156,5
161566,-1
75017,5
11140,5
43378,5
54452,5
43373,1
36560,5
21177,5
171120,6
55889,-1
101587,5
130916,5
156479,-1
110930,5
61989,5
101604,5
75032,5
184839,5
155023,5
3617,-1
42186,5
173871,5
61920,-1
20984,5
86431,-1
97032,5
55895,4
92472,5
198006,-1
82735,5
110949,-1
121939,5
68522,5
174773,5
174775,5
61789,5
174839,5
69258,5
196231,-1
104838,5
128621,-1
24831,5
70624,5
73842,5
116258,5
63751,5
177529,-1
177530,5
21882,-1
128604,-1
97138,5
193871,5
26978,5
18010,5
24852,5
138810,5
24846,-1
78042,5
161343,5
138828,5
42079,-1
156641,-1
114764,5
147029,5
156630,5
184813,5
24827,5
200209,5
188655,-1
3603,5
163413,5
42118,1
86462,5
38031,5
63719,-1
3996,5
97087,5
54373,-1
177584,-1
193653,5
61780,5
75144,5
148012,-1
156620,5
121851,-1
14661,-1
2252,-1
81845,-1
174813,5
68473,5
114799,5
86475,5
185743,5
131236,5
177540,-1
36474,5
138859,-1
114971,5
7629,5
22072,-1
55782,5
36647,-1
200665,5
147865,2
128922,5
55757,-1
74950,-1
110845,5
86371,-1
81789,5
156302,-1
149976,5
184899,5
43321,-1
120019,5
149975,5
110825,-1
128873,5
116134,5
198046,-1
128929,5
181120,6
36654,5
156429,-1
9193,5
139249,5
174630,5
163173,-1
168655,-1
74913,5
177722,5
161826,-1
147844,5
89373,5
42362,5
49220,-1
9177,5
188824,-1
55718,5
49218,-1
18189,5
74918,-1
177727,-1
3664,5
163269,5
9632,5
27199,4
74929,5
24667,-1
106342,5
62175,5
156342,-1
3681,-1
161863,-1
9185,-1
31661,5
54483,-1
105034,-1
43349,5
89397,5
174636,-1
27137,5
62254,5
149972,-1
15385,5
181128,5
185619,5
110771,-1
78885,5
122039,-1
82763,-1
155088,-1
174554,-1
42237,5
110916,5
161717,5
85638,5
100561,-1
62228,5
81772,5
161750,5
122795,5
12274,5
3962,5
69077,5
101491,-1
119717,-1
9230,-1
258,5
55790,5
128846,-1
96950,-1
47496,4
150003,5
148632,5
82996,5
67411,-1
68553,5
149187,-1
48436,-1
67542,-1
107328,5
68442,-1
167278,5
104129,5
33040,-1
30915,-1
145697,5
147415,-1
120883,5
71670,5
150466,5
145474,5
120433,5
106702,5
68563,-1
168765,5
93666,5
104916,5
82960,-1
146927,5
168467,5
124226,-1
68399,5
92852,5
48291,-1
146746,5
82383,-1
121090,5
104933,-1
82967,5
33114,-1
123000,-1
147192,-1
30815,5
32051,-1
119747,5
119748,-1
148996,-1
70283,5
71048,5
30759,5
105695,5
148717,5
106671,5
119719,-1
120806,5
168706,-1
168704,-1
46998,-1
82332,-1
124255,-1
48372,5
30825,5
82160,-1
120600,5
150412,5
146940,5
119564,-1
147287,-1
30748,5
168731,5
119749,5
105768,5
105880,5
151748,5
48278,-1
83029,-1
150386,5
49693,5
50735,5
150544,5
149149,-1
149026,5
167371,5
82985,5
68706,5
149097,5
167214,-1
70168,-1
49683,-1
46983,-1
151667,-1
147289,5
48206,5
107383,5
33086,5
148997,5
48222,5
68378,5
81602,-1
167414,5
120755,-1
82234,-1
149000,5
32164,5
105884,5
47188,5
120079,5
168773,-1
83433,5
169604,5
167786,5
69492,5
82527,5
68080,5
121545,5
67862,-1
104310,5
121554,5
106100,-1
105391,5
47790,-1
46511,5
70691,5
47789,-1
104337,5
151071,-1
81206,5
49182,5
32733,-1
50231,5
69441,5
120050,5
67908,5
149913,5
50369,5
105379,5
169605,5
81312,5
69546,5
167778,-1
71220,-1
104555,5
104531,-1
93956,-1
31183,-1
150066,5
121477,5
119403,5
46696,5
49315,5
49308,5
122146,-1
149619,5
31196,5
48866,-1
31737,5
49274,5
123716,-1
47483,-1
123328,5
119159,5
151376,5
169627,5
93822,5
81154,5
71227,5
31238,5
147833,-1
81156,-1
119215,-1
92620,5
69411,-1
148265,5
169443,5
168034,-1
148130,5
50299,4
47687,5
169289,-1
169433,5
146194,5
46566,5
123492,-1
146223,5
69328,-1
69242,5
50314,5
31437,5
32647,5
169380,5
106957,5
123468,5
82653,5
105244,-1
123415,5
49039,-1
148031,5
93304,-1
31486,-1
71270,-1
68004,-1
47697,5
82681,5
146181,-1
32708,-1
70659,5
106889,-1
81838,5
167846,5
92617,-1
121631,5
68053,-1
167861,-1
47754,5
105137,5
81956,-1
105142,5
120152,5
123559,-1
31392,-1
149789,5
81932,-1
169234,5
105200,-1
49121,5
168055,5
69213,-1
71259,-1
31371,5
69372,-1
47705,-1
31386,5
106159,5
83221,5
47450,5
149347,5
106501,-1
32342,-1
68262,5
50625,5
32350,5
119098,5
68854,5
81653,4
151477,-1
168852,5
30994,-1
30997,5
69731,5
32356,-1
81679,5
121249,5
168302,5
169895,5
123858,5
31015,5
120390,5
68865,5
121275,5
147542,5
50551,-1
149459,5
119108,-1
49503,5
82868,5
70729,5
81098,5
106525,5
92353,5
92769,-1
150319,-1
82109,-1
93028,-1
123975,5
68785,5
83526,5
93697,5
168822,5
81068,5
50667,-1
83099,5
50654,5
47306,-1
119520,5
121154,-1
50013,5
91847,5
150850,-1
82886,5
151490,5
30977,5
104204,5
119084,5
93051,-1
149460,5
67706,5
68219,-1
148518,-1
48754,5
169793,5
146558,5
47923,5
169783,-1
150111,5
123236,-1
69573,5
120269,5
150103,-1
151421,-1
107069,-1
50118,5
82044,5
68973,5
47897,5
169747,5
146068,5
106825,5
167653,5
92906,5
120687,5
48807,5
48823,5
92432,-1
105487,5
122215,5
71437,-1
122236,5
68149,-1
121409,5
83186,5
121315,5
106766,5
119953,5
146607,5
83183,-1
150939,-1
122315,5
123825,5
92386,-1
104625,5
167618,5
168885,5
119472,5
167622,5
150119,5
67729,-1
146002,5
121381,5
82063,5
81130,5
149513,5
169819,5
49409,-1
32903,-1
91892,-1
121406,-1
107078,5
120302,5
135247,5
163984,5
33295,5
37944,5
138951,5
156571,5
42154,-1
156566,5
138984,5
89227,5
89228,5
75078,-1
61868,5
61871,5
114903,-1
138986,5
37963,5
75060,5
37949,-1
37996,5
156572,5
138924,5
156622,5
131327,-1
114768,5
61706,5
61711,-1
114796,5
38097,5
97131,-1
78088,-1
89161,5
161394,5
156589,-1
61775,5
156585,5
156535,5
86432,-1
131387,5
156439,-1
86387,5
89343,5
86384,-1
161754,5
161756,5
78184,-1
100571,5
96852,-1
139216,5
62109,-1
110837,5
62140,-1
115058,5
139303,5
86393,5
130827,5
55809,-1
37910,5
75051,-1
75042,5
78118,-1
55904,1
139067,5
75030,5
161612,-1
100553,-1
61974,5
139140,5
55847,5
42235,5
130884,5
161725,5
61651,-1
100438,-1
77819,5
111198,5
75449,5
131861,5
61240,-1
41840,5
156930,5
138395,-1
41852,5
41860,5
160988,5
61287,-1
100265,5
161031,5
131774,5
75386,-1
131906,5
160940,2
131916,-1
131997,5
61141,5
56497,-1
88901,5
100134,-1
160899,5
131954,5
114398,-1
88933,5
41774,-1
88936,5
138365,-1
111292,-1
38436,5
56299,5
38345,5
42057,5
61361,-1
161181,5
161208,5
161211,5
42015,5
156722,-1
156713,-1
56122,5
75233,5
161234,5
114705,5
38187,-1
61609,-1
131405,5
161256,5
89065,5
111113,5
75270,-1
114567,5
131689,-1
111176,5
114525,5
111129,-1
131653,-1
75350,5
138670,5
114667,5
131638,5
131570,5
56219,5
161158,-1
138727,-1
114625,5
89385,-1
110800,5
74888,-1
89861,5
89779,5
62897,-1
55021,5
54994,5
115748,-1
129659,5
74301,-1
54971,5
162698,-1
129586,-1
54964,5
129572,5
42989,-1
115777,5
74288,5
74348,-1
140298,5
42872,5
42823,5
140016,5
62747,4
42798,5
55210,5
42821,-1
86004,-1
62804,5
42862,5
140208,5
89737,5
62816,-1
129828,5
129794,5
54940,5
55672,5
36971,5
155369,5
129364,-1
101294,-1
101326,5
129338,5
162913,-1
140607,5
63268,5
85803,-1
162933,-1
129248,5
115958,5
36823,5
54744,5
74172,-1
110234,-1
78691,5
43053,5
96246,5
140453,-1
89869,-1
115813,5
54875,5
36928,5
96217,5
54813,5
89887,5
63144,-1
140551,5
74215,5
96178,5
54818,-1
129962,5
155844,5
89708,-1
62714,-1
62318,5
161982,5
55600,-1
156092,-1
115285,5
42569,5
162043,5
115299,5
37577,-1
139535,5
139558,5
139578,5
86239,5
162075,5
96657,-1
100733,5
130501,-1
62295,5
161926,5
74873,-1
78237,-1
42420,5
130604,5
156258,5
96812,5
139388,5
156210,-1
55650,5
89413,-1
55648,-1
139653,5
130352,-1
139660,5
37343,2
115561,5
62660,5
62676,5
130024,-1
89653,5
139844,5
89654,5
89622,5
139847,5
55362,-1
62687,5
37328,5
129983,5
55316,5
42714,-1
37375,5
130320,5
155941,5
115382,5
78342,5
37454,5
78345,5
86140,5
55413,-1
62549,5
86135,5
100912,5
37385,-1
155925,5
74533,5
130124,5
100119,5
54735,-1
136335,5
159473,5
134221,5
88154,-1
113332,5
158289,5
40654,5
57884,-1
87505,5
136282,-1
134161,5
159508,5
87490,5
57848,5
59435,-1
112158,-1
159461,5
98278,-1
134268,5
40594,5
159370,5
112226,-1
134344,5
77157,5
58027,5
136037,5
76305,-1
159422,5
87561,5
98312,5
87560,-1
39721,5
57954,-1
76240,5
59453,-1
135986,5
134138,5
40857,5
113456,5
113480,5
113485,-1
159770,-1
159771,5
112031,5
133786,5
57600,5
136662,5
136677,5
87287,5
99301,-1
112075,5
159670,5
134006,-1
158183,5
159571,5
57823,5
39611,5
136465,5
99253,-1
57687,5
88238,5
39570,-1
57722,-1
133959,5
40816,-1
77253,5
88106,-1
113221,5
97484,5
135684,-1
87951,5
98665,-1
158771,5
134915,5
135610,-1
98710,5
40335,5
40340,5
134818,5
87996,-1
40349,5
135666,5
58945,5
158793,5
76810,5
58481,5
58501,5
135377,5
112686,5
135131,5
158970,-1
112763,-1
40114,5
134971,5
76671,-1
58500,5
87816,5
87937,5
134961,5
135448,5
112622,-1
76613,5
58277,5
76357,-1
159181,-1
134565,-1
98346,5
134522,-1
134510,-1
77086,5
59222,-1
59240,5
58140,-1
135886,-1
40539,5
158410,5
58102,-1
135914,5
39808,5
135942,5
158473,-1
40478,-1
59151,-1
135761,-1
112937,-1
58260,-1
159194,5
158571,5
113022,5
135735,5
134686,-1
98871,-1
112353,5
159239,-1
134660,-1
159249,5
135778,-1
76467,5
59752,5
39428,5
77341,5
38727,5
88677,-1
60698,-1
137775,-1
132475,-1
41456,5
157320,5
75728,5
38767,5
97637,5
137819,-1
157298,5
114048,5
88719,5
132396,5
160625,5
99885,-1
86932,5
41413,5
137601,5
99826,5
97748,5
60605,5
113933,5
160392,5
137608,-1
77613,-1
157420,-1
41359,-1
137625,-1
77601,-1
97719,5
38851,-1
86874,-1
77710,5
99416,5
160629,5
56615,5
132263,5
138116,-1
77755,5
77770,-1
38570,5
77772,5
100070,5
61015,-1
114198,5
86757,5
132091,5
114268,5
100049,-1
132284,5
157200,-1
86855,5
132345,5
77724,-1
88757,5
60902,-1
60912,-1
138087,5
132307,-1
157194,5
160728,5
114112,5
157160,5
138053,5
157455,5
38936,5
86992,-1
133378,5
88375,5
157822,5
77450,-1
39279,5
137017,-1
98004,5
133320,5
97973,5
